id,first_name,last_name,email,gender,age,date_of_birth,country,city
1,Parker,Thandi,pthandi0@psu.edu,Male,36,05/02/2020,France,Paris 12
2,Gabie,Grassi,ggrassi1@unblog.fr,Male,31,30/01/2016,France,Romilly-sur-Seine
3,Dill,Clemencon,dclemencon2@huffingtonpost.com,Male,13,10/08/1963,France,Paris 13
4,Katha,McGuiness,kmcguiness3@nationalgeographic.com,Female,10,29/05/1958,France,Rueil-Malmaison
5,Trueman,Stockill,tstockill4@buzzfeed.com,Genderqueer,21,21/11/1957,France,Montpellier
6,Rozamond,Posen,rposen5@usda.gov,Female,83,16/11/1949,France,Sedan
7,Arlan,Verbruggen,averbruggen6@ft.com,Male,13,04/04/2001,France,Montreuil
8,Nichols,Mogey,nmogey7@unicef.org,Male,38,15/08/1993,France,Paris 01
9,Gerry,Prettyman,gprettyman8@narod.ru,Male,50,14/09/1991,France,Tours
10,Maribeth,Channon,mchannon9@skype.com,Female,55,30/09/1983,France,Guéret
11,Emelyne,Dudenie,edudeniea@slideshare.net,Female,36,04/07/1990,France,Rungis
12,Marcelle,MacKeogh,mmackeoghb@tripod.com,Genderfluid,40,28/05/1949,France,Brest
13,Urson,Newcomen,unewcomenc@hc360.com,Male,43,04/06/2021,France,Lagnieu
14,Lonni,Alberti,lalbertid@mediafire.com,Polygender,54,05/12/1979,France,Bourg-en-Bresse
15,Sonny,Hollingsbee,shollingsbeee@tmall.com,Male,61,04/03/1995,France,Toulouse
16,Abel,Ennion,aennionf@alibaba.com,Male,14,06/12/1949,France,Orléans
17,Hedi,Laux,hlauxg@stanford.edu,Female,74,29/07/2023,France,Le Mans
18,Nobe,Franciotti,nfranciottih@hibu.com,Genderqueer,46,10/10/1940,France,Paris 01
19,Bing,Andrioletti,bandriolettii@samsung.com,Male,30,11/06/2011,France,Clichy
20,Gail,Stirrup,gstirrupj@blogtalkradio.com,Male,22,25/10/2004,France,Bondy
21,Terrance,Harradine,tharradinek@ox.ac.uk,Male,5,20/01/1959,France,Cergy-Pontoise
22,Shanie,Zorzi,szorzil@eventbrite.com,Female,64,27/09/1987,France,Sallanches
23,Serge,Heisham,sheishamm@hc360.com,Male,12,14/01/1952,France,Brest
24,Paton,Baigent,pbaigentn@imgur.com,Male,21,18/03/1952,France,Chelles
25,Wallis,Doberer,wdoberero@yellowpages.com,Male,42,29/02/1936,France,Lyon
26,Benji,De Micoli,bdemicolip@fda.gov,Male,21,01/04/1950,France,Saint-Quentin-en-Yvelines
27,Les,Learned,llearnedq@theglobeandmail.com,Male,37,23/09/1996,France,Baume-les-Dames
28,Jesselyn,Adriani,jadrianir@china.com.cn,Female,39,09/01/2022,France,Évry
29,Allie,Eckh,aeckhs@pcworld.com,Female,40,13/03/1947,France,Tours
30,Noel,Ilsley,nilsleyt@quantcast.com,Male,17,02/02/2000,France,La Rochelle
31,Emyle,Matzen,ematzenu@skype.com,Female,44,21/10/1928,France,Angers
32,Dory,Darrow,ddarrowv@goo.gl,Female,74,18/08/1941,France,Marne-la-Vallée
33,Binny,Cundict,bcundictw@japanpost.jp,Female,84,04/01/1987,France,Saint-Leu-la-Forêt
34,Konstantine,Insoll,kinsollx@salon.com,Polygender,26,15/04/1945,France,Fontainebleau
35,Phaedra,Ganny,pgannyy@ucoz.com,Female,36,06/11/1933,France,Futuroscope
36,Ripley,Lancetter,rlancetterz@google.ru,Male,28,11/02/1971,France,Blois
37,Galina,Courteney,gcourteney10@unicef.org,Female,53,18/10/1972,France,Rambouillet
38,Anestassia,Maken,amaken11@ycombinator.com,Female,55,21/11/2001,France,Domont
39,Betty,Quinane,bquinane12@scientificamerican.com,Female,18,15/10/1925,France,Nîmes
40,Corby,Willoughway,cwilloughway13@seesaa.net,Male,20,08/12/2001,France,Paris La Défense
41,Hildagard,Ripley,hripley14@rediff.com,Female,70,13/12/1986,France,Nantes
42,Nickolas,Mountford,nmountford15@dailymotion.com,Male,36,29/05/1988,France,Blois
43,Burlie,Pobjay,bpobjay16@live.com,Male,55,15/08/2013,France,Sainte-Geneviève-des-Bois
44,Emmeline,Kantor,ekantor17@1und1.de,Female,10,15/10/1975,France,Marseille
45,Sandi,Messruther,smessruther18@baidu.com,Female,42,19/07/1997,France,Ajaccio
46,Austina,Siddall,asiddall19@biblegateway.com,Female,30,04/07/1972,France,Paris 13
47,Lucias,Meekings,lmeekings1a@yale.edu,Male,35,15/10/1936,France,Roanne
48,Vikky,Ambler,vambler1b@slashdot.org,Female,31,30/05/2023,France,Montpellier
49,Jackqueline,Thickpenny,jthickpenny1c@g.co,Female,71,25/01/1949,France,Tassin-la-Demi-Lune
50,Madelle,Balentyne,mbalentyne1d@privacy.gov.au,Female,67,05/09/2005,France,Albi
51,Allie,Ryde,aryde1e@ning.com,Female,61,09/09/1969,France,Amiens
52,Fowler,Castagnone,fcastagnone1f@bigcartel.com,Genderqueer,81,03/03/2022,France,Marseille
53,Lyndsey,Venediktov,lvenediktov1g@ebay.com,Female,14,03/04/2000,France,Montrouge
54,Jaquenetta,Goodier,jgoodier1h@ning.com,Female,63,07/08/1996,France,Rodez
55,Bernete,Bossingham,bbossingham1i@ca.gov,Female,66,02/12/1976,France,La Rochelle
56,Margette,De la Yglesia,mdelayglesia1j@cbc.ca,Female,63,29/11/2014,France,Wissous
57,Rowena,Pillifant,rpillifant1k@walmart.com,Female,44,07/08/1937,France,Valence
58,Yovonnda,Kellert,ykellert1l@1und1.de,Female,45,29/08/1925,France,Bastia
59,Trixi,Mill,tmill1m@joomla.org,Female,48,23/08/2006,France,Annonay
60,Theobald,Velden,tvelden1n@cbc.ca,Male,64,08/11/1948,France,Vénissieux
61,Tome,Blemen,tblemen1o@hhs.gov,Bigender,11,09/04/2009,France,Nantes
62,Crystal,Pally,cpally1p@marketwatch.com,Female,75,28/11/2009,France,Carquefou
63,Bevan,Chapleo,bchapleo1q@reference.com,Male,58,20/02/1981,France,Saint-Maixent-l'École
64,Lilia,Pankettman,lpankettman1r@youku.com,Female,17,22/09/1997,France,Limoges
65,Leonid,Soreau,lsoreau1s@icq.com,Male,64,13/08/1968,France,Marseille
66,Yetta,Culpen,yculpen1t@seattletimes.com,Female,64,06/11/1968,France,Le Mans
67,Ellary,Bischop,ebischop1u@state.tx.us,Male,5,18/03/2022,France,Châtillon
68,Marianna,Gorgen,mgorgen1v@house.gov,Female,44,01/09/1997,France,Bernay
69,Cinderella,Cutchee,ccutchee1w@amazon.co.jp,Female,79,09/07/1932,France,Nantes
70,Colver,Tanfield,ctanfield1x@pagesperso-orange.fr,Male,74,07/09/2016,France,Amiens
71,Meridith,Benson,mbenson1y@dmoz.org,Female,84,22/06/1990,France,Brest
72,Harman,Sirman,hsirman1z@earthlink.net,Male,82,30/04/1967,France,Paris 15
73,Rancell,Strass,rstrass20@bravesites.com,Male,18,22/02/1999,France,Montaigu
74,Terry,Fancy,tfancy21@thetimes.co.uk,Polygender,33,11/05/1956,France,Hyères
75,Reina,Cheal,rcheal22@uiuc.edu,Female,21,12/05/1960,France,Autun
76,Oralle,Halsey,ohalsey23@fotki.com,Female,43,11/08/1991,France,Marseille
77,Doro,Vicker,dvicker24@cyberchimps.com,Female,17,30/07/1950,France,Le Raincy
78,Rose,Stoite,rstoite25@hc360.com,Female,76,25/02/1941,France,Saint-Ouen
79,Vinson,Higginbottam,vhigginbottam26@china.com.cn,Male,74,17/08/1955,France,Montigny-lès-Metz
80,Arman,Motton,amotton27@intel.com,Male,63,19/12/2022,France,Niort
81,Beulah,Hasloch,bhasloch28@intel.com,Female,24,12/07/1933,France,Bollène
82,Lucila,Purkis,lpurkis29@ifeng.com,Female,14,01/08/1995,France,Limoges
83,Devi,Tommaseo,dtommaseo2a@nationalgeographic.com,Female,68,02/10/1937,France,Méru
84,Bartholomeus,Lilburn,blilburn2b@zdnet.com,Male,12,08/10/1956,France,Évreux
85,Archambault,Corps,acorps2c@cloudflare.com,Male,43,17/06/1942,France,Marseille
86,Hailey,Boyle,hboyle2d@dyndns.org,Male,13,18/02/1929,France,Tours
87,Maxim,Whates,mwhates2e@mail.ru,Genderfluid,9,05/04/1944,France,Quimper
88,Dino,Ilbert,dilbert2f@cmu.edu,Male,39,03/09/1951,France,Paris La Défense
89,Petronia,Pinwill,ppinwill2g@cisco.com,Agender,64,06/10/2008,France,Montauban
90,Courtnay,Thoday,cthoday2h@tinyurl.com,Female,60,10/07/1928,France,Levallois-Perret
91,Wait,Cohan,wcohan2i@spotify.com,Male,5,05/03/1939,France,Angers
92,Iosep,Cossar,icossar2j@tamu.edu,Male,28,28/11/1983,France,Paris 08
93,Aldous,Tipperton,atipperton2k@twitpic.com,Male,74,08/02/2002,France,Montbrison
94,Marjory,Lead,mlead2l@uol.com.br,Genderqueer,35,26/05/1943,France,Châlons-en-Champagne
95,Lynnell,Rudolf,lrudolf2m@buzzfeed.com,Female,24,21/02/1992,France,La Ravoire
96,Carolann,Leeburn,cleeburn2n@auda.org.au,Female,80,01/07/1995,France,Paris 16
97,Morris,Laneham,mlaneham2o@forbes.com,Male,32,30/04/1993,France,Roissy Charles-de-Gaulle
98,Octavia,Ryan,oryan2p@java.com,Female,37,11/06/2019,France,Valence
99,Orren,Pritchett,opritchett2q@sphinn.com,Male,77,21/04/1998,France,Sarreguemines
100,Muffin,Jago,mjago2r@bing.com,Female,47,13/11/1988,France,Rueil-Malmaison
101,Cobb,Couvert,ccouvert2s@shop-pro.jp,Male,15,07/12/1981,France,Saint-Herblain
102,Syd,Kirkpatrick,skirkpatrick2t@msu.edu,Male,45,07/03/1963,France,Reims
103,Thorstein,Merle,tmerle2u@businesswire.com,Male,32,16/07/1957,France,Poligny
104,Mohammed,Sollars,msollars2v@unesco.org,Male,23,30/12/1949,France,Nîmes
105,Lauryn,Horlock,lhorlock2w@issuu.com,Female,38,22/05/1931,France,Apt
106,Brannon,Bickerdicke,bbickerdicke2x@geocities.jp,Male,72,18/10/1982,France,La Rochelle
107,Nikita,Lomis,nlomis2y@discuz.net,Male,62,21/06/1967,France,Le Bourget-du-Lac
108,Kennedy,Sleightholme,ksleightholme2z@bigcartel.com,Agender,79,04/12/1992,France,Deauville
109,Jarrod,Lumsden,jlumsden30@linkedin.com,Male,10,03/10/1953,France,Vitry-sur-Seine
110,Jamie,McLaverty,jmclaverty31@nytimes.com,Male,65,12/07/1989,France,Sainte-Geneviève-des-Bois
111,Kenn,Reace,kreace32@psu.edu,Male,49,08/04/1932,France,Évreux
112,Amalia,Kinlock,akinlock33@discuz.net,Female,68,16/09/1957,France,Saint-Étienne
113,Eliza,Astles,eastles34@netscape.com,Female,19,24/04/1935,France,Paris 07
114,Felicio,Lemasney,flemasney35@e-recht24.de,Male,62,05/03/1976,France,Chantepie
115,Claudia,Balam,cbalam36@dagondesign.com,Female,11,26/02/2010,France,Digne-les-Bains
116,Jodi,Haggett,jhaggett37@yellowbook.com,Male,42,06/04/1981,France,Grenoble
117,Asa,De la croix,adelacroix38@gravatar.com,Male,16,13/02/1999,France,Le Blanc-Mesnil
118,Otto,Huckin,ohuckin39@economist.com,Male,7,05/09/1976,France,Saint-Julien-en-Genevois
119,Glenn,Clapham,gclapham3a@list-manage.com,Male,69,22/12/1926,France,Montceau-les-Mines
120,Gage,McGonigle,gmcgonigle3b@army.mil,Male,66,03/09/1965,France,Aubergenville
121,Osborn,Akett,oakett3c@admin.ch,Male,17,17/07/1993,France,Blois
122,Wood,Coale,wcoale3d@paginegialle.it,Non-binary,50,20/10/1927,France,Boé
123,Gabriele,Brendel,gbrendel3e@t-online.de,Male,71,13/09/2020,France,Corbeil-Essonnes
124,Barnabas,Whittles,bwhittles3f@gravatar.com,Male,82,22/08/1998,France,Annonay
125,Peterus,Davys,pdavys3g@adobe.com,Male,33,13/11/1925,France,Guingamp
126,Bevan,Skidmore,bskidmore3h@miitbeian.gov.cn,Male,71,06/12/2003,France,Lille
127,Lock,Sturge,lsturge3i@google.nl,Male,35,10/05/1981,France,Toulon
128,Ava,Robinet,arobinet3j@flickr.com,Polygender,44,12/01/1954,France,Privas
129,Giselle,Wreak,gwreak3k@freewebs.com,Female,44,23/11/1982,France,Paris 14
130,Arley,McGifford,amcgifford3l@bloglovin.com,Male,84,03/08/2018,France,Bordeaux
131,Jacquelyn,Aulton,jaulton3m@hatena.ne.jp,Female,48,23/03/1938,France,Cluses
132,Benni,Prayer,bprayer3n@wikispaces.com,Female,14,20/10/1978,France,Évry
133,Paule,Marchelli,pmarchelli3o@google.fr,Female,34,04/12/2003,France,Neuilly-sur-Seine
134,Ranee,Galliver,rgalliver3p@ycombinator.com,Female,37,05/05/2017,France,Thionville
135,Godwin,Tessier,gtessier3q@reference.com,Male,23,15/03/1982,France,La Talaudière
136,Vonni,Wankel,vwankel3r@quantcast.com,Female,27,21/09/1962,France,Reims
137,Chelsie,Fuggles,cfuggles3s@taobao.com,Female,53,11/10/1966,France,Thionville
138,Hort,McTear,hmctear3t@canalblog.com,Male,32,10/05/1971,France,Vanves
139,Keelby,Cords,kcords3u@ftc.gov,Male,74,03/03/2019,France,Marseille
140,Katinka,Arstall,karstall3v@plala.or.jp,Female,78,17/01/1927,France,Nîmes
141,Weston,Keveren,wkeveren3w@auda.org.au,Genderqueer,30,11/05/1942,France,Lyon
142,Lydia,Kitteridge,lkitteridge3x@ucoz.com,Genderqueer,16,02/07/1942,France,Roissy Charles-de-Gaulle
143,Ky,Tuft,ktuft3y@printfriendly.com,Male,39,02/09/1976,France,Strasbourg
144,Carol,Sodor,csodor3z@mozilla.org,Female,60,19/08/1939,France,Saint-Herblain
145,Arline,Allner,aallner40@fc2.com,Agender,75,16/11/2007,France,Reims
146,Eli,Jzhakov,ejzhakov41@weebly.com,Genderfluid,74,01/05/1975,France,Lille
147,Veda,Monkman,vmonkman42@imageshack.us,Female,9,09/12/2014,France,Moulins
148,Teddy,Burkitt,tburkitt43@shareasale.com,Male,78,28/03/1995,France,Marseille
149,Odille,Farrear,ofarrear44@google.ru,Female,61,21/05/2020,France,Marseille
150,Aurore,Allbrook,aallbrook45@pcworld.com,Female,29,11/10/1940,France,La Motte-Servolex
151,Shantee,Stanlick,sstanlick46@domainmarket.com,Female,27,12/02/1984,France,Romans-sur-Isère
152,Kassi,Gill,kgill47@shareasale.com,Female,78,30/07/2000,France,Cournon-d'Auvergne
153,Kata,Golding,kgolding48@joomla.org,Female,75,23/01/1990,France,Nice
154,Umberto,Speachley,uspeachley49@engadget.com,Male,33,09/10/1953,France,Créteil
155,Roberta,MacLise,rmaclise4a@va.gov,Female,46,29/03/1934,France,Nancy
156,Amara,Kahn,akahn4b@tripadvisor.com,Female,48,14/09/1980,France,Périgny
157,Nanon,O'Ferris,noferris4c@tripod.com,Female,64,12/07/1959,France,Bordeaux
158,Misti,Burhill,mburhill4d@census.gov,Genderqueer,12,27/01/1991,France,La Plaine-Saint-Denis
159,Eustace,Franzotto,efranzotto4e@google.com.br,Male,81,09/09/2023,France,Dunkerque
160,Ezekiel,Jouanet,ejouanet4f@nyu.edu,Male,31,12/09/1981,France,Nîmes
161,Johanna,Fieldgate,jfieldgate4g@ameblo.jp,Female,42,20/02/1981,France,Nantes
162,Melisandra,Bazek,mbazek4h@amazonaws.com,Female,44,03/07/1957,France,Aix-en-Provence
163,Barbabas,Minister,bminister4i@addthis.com,Bigender,12,19/09/2012,France,Amiens
164,Benjamin,Cockrill,bcockrill4j@stanford.edu,Male,74,31/03/1962,France,Nice
165,Erik,Rawls,erawls4k@hostgator.com,Male,84,07/04/1969,France,Aubenas
166,Job,Yurenev,jyurenev4l@prlog.org,Bigender,78,18/01/1942,France,Courtaboeuf
167,Simmonds,Harnes,sharnes4m@gnu.org,Male,24,12/10/2019,France,Nantes
168,Ravi,Tidy,rtidy4n@oracle.com,Male,24,25/05/1996,France,Narbonne
169,Bridgette,Munroe,bmunroe4o@a8.net,Bigender,58,08/01/1998,France,Brest
170,Lorna,Sains,lsains4p@uiuc.edu,Female,34,16/01/1992,France,Angers
171,Sybille,Partener,spartener4q@prnewswire.com,Female,23,19/05/1932,France,Le Mans
172,Theadora,Van der Baaren,tvanderbaaren4r@archive.org,Female,46,11/02/1942,France,Le Perreux-sur-Marne
173,Hanni,Copelli,hcopelli4s@cdbaby.com,Female,40,10/02/2009,France,Bezons
174,Velma,Trewhela,vtrewhela4t@blogger.com,Non-binary,19,27/02/1957,France,Périgny
175,Toddy,Zink,tzink4u@mit.edu,Polygender,11,17/08/1928,France,Fresnes
176,Olivette,Dacke,odacke4v@craigslist.org,Female,76,18/04/1942,France,Miribel
177,Elise,Tills,etills4w@fotki.com,Female,8,25/11/1993,France,Montauban
178,Candy,Vanyashkin,cvanyashkin4x@xrea.com,Bigender,11,12/04/1986,France,Brest
179,Johannah,Rucklesse,jrucklesse4y@huffingtonpost.com,Agender,49,08/10/1969,France,Roanne
180,Theda,Scowen,tscowen4z@mapy.cz,Female,64,25/06/2016,France,Tournon-sur-Rhône
181,Nolan,Drohane,ndrohane50@time.com,Male,31,30/09/1948,France,Cergy-Pontoise
182,Rosalinde,Mungham,rmungham51@tamu.edu,Female,57,18/05/2011,France,Taverny
183,Valentino,Loverock,vloverock52@ebay.com,Male,9,24/07/1965,France,Bourg-en-Bresse
184,Jelene,Valder,jvalder53@flickr.com,Female,65,25/07/1965,France,Lyon
185,Marlon,Mityushin,mmityushin54@ox.ac.uk,Male,32,13/08/1996,France,Quimperlé
186,Fara,Orable,forable55@icio.us,Genderfluid,71,21/06/1978,France,Vedène
187,Arlene,Welldrake,awelldrake56@salon.com,Agender,27,06/04/1975,France,Marseille
188,Quinton,Barff,qbarff57@uiuc.edu,Male,31,29/07/2014,France,Courtaboeuf
189,Guenevere,Duffill,gduffill58@macromedia.com,Female,50,11/06/2011,France,Le Mans
190,Marmaduke,Skaife d'Ingerthorpe,mskaifedingerthorpe59@constantcontact.com,Male,81,03/04/1979,France,Vineuil
191,Bastian,Laugherane,blaugherane5a@skype.com,Male,25,07/02/2000,France,Poitiers
192,Jere,Cushworth,jcushworth5b@japanpost.jp,Female,29,23/03/1990,France,Aubenas
193,Devonna,Hammill,dhammill5c@ted.com,Female,58,15/06/2012,France,Futuroscope
194,Caspar,Klaves,cklaves5d@skyrock.com,Male,7,28/09/1965,France,Poitiers
195,Demott,Prys,dprys5e@wsj.com,Male,84,13/06/1939,France,Bordeaux
196,Berk,Balnaves,bbalnaves5f@de.vu,Male,77,29/01/1936,France,Lille
197,Lynnea,Allderidge,lallderidge5g@msn.com,Female,20,12/12/2000,France,Saint-Quentin-en-Yvelines
198,Konstanze,Bromilow,kbromilow5h@macromedia.com,Female,25,19/03/1951,France,Toulouse
199,Estella,Nancarrow,enancarrow5i@google.de,Female,23,05/02/1966,France,Charleville-Mézières
200,Brewster,Cosser,bcosser5j@ca.gov,Male,78,31/01/2015,France,Tours
201,Any,Beak,abeak5k@reddit.com,Male,57,23/01/1965,France,Saint-Ouen
202,Kermit,Stockow,kstockow5l@yellowpages.com,Male,83,27/07/2010,France,Lorient
203,Ofilia,Le Provost,oleprovost5m@tripod.com,Female,53,27/03/2015,France,Caen
204,Heddie,Lesley,hlesley5n@un.org,Female,45,10/11/1981,France,Toulouse
205,Issiah,Satyford,isatyford5o@google.com,Male,30,04/02/1996,France,Rouen
206,Karly,Pettican,kpettican5p@rediff.com,Female,19,19/02/2013,France,Creil
207,Gilles,Steer,gsteer5q@java.com,Male,79,30/01/1938,France,Boé
208,Alessandro,Salway,asalway5r@gravatar.com,Male,25,25/08/1967,France,Longwy
209,Myra,Doret,mdoret5s@army.mil,Female,22,03/01/1932,France,Angoulême
210,Sebastien,Hebditch,shebditch5t@aboutads.info,Male,21,24/01/1932,France,Saint-Herblain
211,Marjy,Gianolini,mgianolini5u@hp.com,Female,5,08/02/1939,France,Vienne
212,Sam,Erb,serb5v@cnn.com,Non-binary,81,28/11/1950,France,Levallois-Perret
213,Auria,Hayller,ahayller5w@tiny.cc,Female,23,15/10/1996,France,Bastia
214,Wynne,Ryde,wryde5x@fotki.com,Female,71,17/03/1985,France,Montpellier
215,Anatollo,Tolley,atolley5y@dell.com,Male,9,26/01/2015,France,Paris 11
216,Silvano,Julien,sjulien5z@nbcnews.com,Male,28,15/04/2010,France,Arcueil
217,Arda,Buxam,abuxam60@skype.com,Genderqueer,75,17/05/2012,France,Annecy
218,Nevins,Tincey,ntincey61@xrea.com,Male,15,20/06/1991,France,Saint-Étienne
219,Chrissie,Kohen,ckohen62@google.com,Female,13,08/07/2016,France,Croix
220,Jacynth,Quilligan,jquilligan63@china.com.cn,Female,17,04/10/1962,France,Blois
221,Uta,Eadmeads,ueadmeads64@ameblo.jp,Female,55,19/06/1932,France,Cergy-Pontoise
222,Nicoline,Starton,nstarton65@wsj.com,Female,32,17/01/2020,France,Saint-Jouan-des-Guérets
223,Zea,Dunkerton,zdunkerton66@friendfeed.com,Female,40,30/08/1989,France,Créteil
224,Allan,Titcom,atitcom67@ted.com,Male,35,28/04/1972,France,Saumur
225,Fabe,Cowmeadow,fcowmeadow68@exblog.jp,Male,25,19/11/1972,France,Carpentras
226,Ly,Cuddehy,lcuddehy69@nymag.com,Male,5,19/04/1983,France,Rouen
227,Feliza,Pattinson,fpattinson6a@quantcast.com,Non-binary,39,22/02/1936,France,Choisy-le-Roi
228,Tilly,Baudains,tbaudains6b@networkadvertising.org,Female,77,19/03/1952,France,Nice
229,Orlan,Kippie,okippie6c@wikia.com,Male,37,27/07/2012,France,Poitiers
230,Antonius,Lamonby,alamonby6d@google.com.hk,Male,83,10/05/1983,France,Bordeaux
231,Buffy,Ingham,bingham6e@indiegogo.com,Female,39,20/08/1948,France,Brest
232,Minni,Seery,mseery6f@51.la,Female,29,25/12/1965,France,Cergy-Pontoise
233,Angelina,MacGrath,amacgrath6g@eventbrite.com,Female,34,01/09/1943,France,Paris 14
234,Geri,Eaddy,geaddy6h@istockphoto.com,Polygender,80,19/11/1969,France,Portet-sur-Garonne
235,Dell,Domengue,ddomengue6i@dropbox.com,Male,32,14/09/2007,France,Angoulême
236,Ania,Drable,adrable6j@tinypic.com,Female,60,12/08/1931,France,Eaubonne
237,Brina,Norres,bnorres6k@xinhuanet.com,Female,62,27/09/1947,France,Briey
238,Jacky,Barracks,jbarracks6l@tamu.edu,Female,66,10/03/1926,France,Fécamp
239,Court,Wellesley,cwellesley6m@google.co.jp,Male,27,13/07/1958,France,Golbey
240,Kylie,Brice,kbrice6n@va.gov,Male,33,31/08/1935,France,Caen
241,Lawry,Jurca,ljurca6o@army.mil,Male,80,02/04/1997,France,Paris 08
242,Jedd,Townsend,jtownsend6p@ft.com,Male,68,03/08/1960,France,Cergy-Pontoise
243,Christos,Adamiak,cadamiak6q@devhub.com,Male,54,11/10/1976,France,Aix-en-Provence
244,Flossi,Heild,fheild6r@tamu.edu,Female,70,30/03/2014,France,Bourges
245,Cort,Poor,cpoor6s@drupal.org,Male,79,10/01/1972,France,Caen
246,Pall,Chazerand,pchazerand6t@bluehost.com,Male,80,09/08/1932,France,Houilles
247,Rosanne,Barhams,rbarhams6u@163.com,Polygender,19,22/08/1943,France,Paris 15
248,Odessa,Darben,odarben6v@fotki.com,Female,41,28/11/2023,France,Saint-Avertin
249,Vinnie,Crockatt,vcrockatt6w@opera.com,Female,69,03/06/1981,France,Saint-Étienne
250,Jay,Boylund,jboylund6x@dailymail.co.uk,Male,23,22/06/1978,France,Lille
251,Wilfred,Brundrett,wbrundrett6y@stumbleupon.com,Male,76,16/04/2022,France,Abbeville
252,Padraic,Dreus,pdreus6z@so-net.ne.jp,Agender,82,06/11/1974,France,Orléans
253,Bar,Thomson,bthomson70@reddit.com,Male,72,29/08/1987,France,Lons-le-Saunier
254,Guillaume,Dono,gdono71@ifeng.com,Male,69,23/12/1996,France,Paris 19
255,Nikki,Ziemens,nziemens72@si.edu,Genderqueer,48,11/09/1961,France,Montreuil
256,Dov,Debill,ddebill73@mapy.cz,Male,33,30/05/1983,France,Montpellier
257,Cheri,Spragge,cspragge74@google.cn,Female,80,11/06/1988,France,Dunkerque
258,Thurston,Baistow,tbaistow75@reddit.com,Male,63,22/12/2009,France,Villefontaine
259,Arleyne,Mathen,amathen76@wikipedia.org,Female,6,13/09/1992,France,Épinal
260,Brandie,Wedderburn,bwedderburn77@de.vu,Female,5,03/11/2007,France,Niort
261,Natividad,Roach,nroach78@wordpress.org,Female,76,27/09/1983,France,Le Cannet
262,Brandon,Lundberg,blundberg79@meetup.com,Male,24,08/07/2009,France,Clichy
263,Shellie,Hugonet,shugonet7a@livejournal.com,Female,83,25/01/1961,France,Sens
264,Gar,Garrelts,ggarrelts7b@trellian.com,Male,61,10/04/1927,France,Vannes
265,Chris,Dackombe,cdackombe7c@paginegialle.it,Male,37,11/02/2013,France,Paris La Défense
266,Hercules,Blackett,hblackett7d@ft.com,Male,71,24/12/1966,France,Pontarlier
267,Lanny,Tittletross,ltittletross7e@usatoday.com,Male,59,24/10/1958,France,Millau
268,Jeramey,Ricold,jricold7f@ftc.gov,Male,53,19/05/1974,France,Roissy Charles-de-Gaulle
269,Clement,Melendez,cmelendez7g@1und1.de,Male,52,04/12/2019,France,Arcueil
270,Calhoun,Duchasteau,cduchasteau7h@google.com.au,Male,78,14/04/1969,France,Paris 19
271,Abigale,Ockleshaw,aockleshaw7i@biglobe.ne.jp,Female,36,13/01/1967,France,Paris 20
272,Clarissa,Gainforth,cgainforth7j@miibeian.gov.cn,Female,70,05/09/1989,France,Reims
273,Loutitia,Seamans,lseamans7k@businessweek.com,Female,24,09/03/2003,France,Maubeuge
274,Trefor,Pooly,tpooly7l@sourceforge.net,Male,13,14/11/1956,France,Marseille
275,Giordano,Beine,gbeine7m@nih.gov,Male,10,19/08/1994,France,Dinan
276,Marcello,Cocci,mcocci7n@freewebs.com,Male,58,04/06/1977,France,Chalon-sur-Saône
277,Asa,Bayne,abayne7o@people.com.cn,Male,62,09/10/2012,France,Saverne
278,Hillel,Chalfont,hchalfont7p@washingtonpost.com,Male,83,21/01/2008,France,La Chapelle-sur-Erdre
279,Emmalynn,Lennard,elennard7q@typepad.com,Female,35,14/04/1977,France,Longvic
280,Bing,Dikelin,bdikelin7r@nih.gov,Male,37,05/01/1967,France,Lorient
281,Lana,Jacobowits,ljacobowits7s@privacy.gov.au,Female,82,19/02/1953,France,Laxou
282,Nappy,Lampard,nlampard7t@tamu.edu,Male,79,15/05/1992,France,Caen
283,Rand,Southwick,rsouthwick7u@epa.gov,Male,20,15/11/1996,France,Saint-Étienne
284,Royal,Leven,rleven7v@accuweather.com,Male,43,20/08/2004,France,Bressuire
285,Quint,Chapelhow,qchapelhow7w@hubpages.com,Male,8,27/08/1994,France,Caluire-et-Cuire
286,Antonius,Labern,alabern7x@cnn.com,Male,64,10/04/2018,France,Rueil-Malmaison
287,Cal,Yeabsley,cyeabsley7y@furl.net,Male,62,17/05/1931,France,Pau
288,Margarita,O'Hoolahan,mohoolahan7z@usnews.com,Female,64,11/07/2023,France,Aix-en-Provence
289,Alessandro,Ropking,aropking80@blogspot.com,Male,32,10/04/1938,France,Auch
290,Eugenius,Bonds,ebonds81@amazonaws.com,Genderqueer,58,21/01/1944,France,Saint-Quentin
291,Melosa,Di Ruggiero,mdiruggiero82@miibeian.gov.cn,Female,61,05/03/1969,France,Grenoble
292,Calv,Forestel,cforestel83@yellowbook.com,Male,39,28/05/1948,France,Vedène
293,Isadore,Swires,iswires84@weebly.com,Male,66,31/08/1990,France,Lyon
294,Shae,Cubberley,scubberley85@studiopress.com,Male,71,25/06/2002,France,Roubaix
295,Meyer,Sooper,msooper86@google.com.au,Male,48,18/07/1948,France,Paris 12
296,Lorry,Attle,lattle87@ovh.net,Female,56,23/05/2000,France,Tours
297,Alfonso,Ahren,aahren88@1688.com,Genderqueer,37,11/07/1978,France,Nantes
298,Robers,Danson,rdanson89@de.vu,Male,30,22/01/2012,France,Carquefou
299,Tad,Jacobi,tjacobi8a@microsoft.com,Male,57,04/04/1957,France,Longjumeau
300,Inez,Stitle,istitle8b@icio.us,Genderqueer,47,04/04/2019,France,Rungis
301,Dominick,Petyakov,dpetyakov8c@ibm.com,Genderqueer,82,24/03/1951,France,Neuilly-sur-Marne
302,Erin,Daldan,edaldan8d@photobucket.com,Male,75,05/04/2000,France,Tarbes
303,Devland,Allebone,dallebone8e@skyrock.com,Male,54,05/10/1950,France,Moulins
304,Leena,Francke,lfrancke8f@nature.com,Female,28,08/11/1955,France,Créteil
305,Ciro,Gerrett,cgerrett8g@typepad.com,Male,80,03/10/1936,France,Clermont-Ferrand
306,Agnese,Cotherill,acotherill8h@free.fr,Female,53,04/10/1938,France,Paris 12
307,Cash,Tommis,ctommis8i@lulu.com,Male,63,27/01/1947,France,Ajaccio
308,Leonanie,Poole,lpoole8j@google.com.au,Female,72,19/05/1969,France,Orléans
309,Maxine,Kassidy,mkassidy8k@sciencedaily.com,Female,85,08/08/2024,France,Lillers
310,Rosanna,Alenichicov,ralenichicov8l@topsy.com,Female,5,14/02/1946,France,Rumilly
311,Blair,Osant,bosant8m@furl.net,Male,45,31/12/1939,France,Bondy
312,Allie,Stinchcombe,astinchcombe8n@moonfruit.com,Female,10,01/05/1965,France,Reims
313,Eric,Alam,ealam8o@dot.gov,Male,69,16/09/1938,France,Saint-Fargeau-Ponthierry
314,Jecho,Aime,jaime8p@stanford.edu,Polygender,84,12/08/1975,France,Lons-le-Saunier
315,Emilie,Varty,evarty8q@vistaprint.com,Female,36,30/07/1997,France,Rennes
316,Falito,Izzett,fizzett8r@blogtalkradio.com,Male,32,09/06/1971,France,Rumilly
317,Delcine,Boothroyd,dboothroyd8s@opensource.org,Female,12,06/12/1957,France,Kingersheim
318,Skyler,McCrudden,smccrudden8t@sun.com,Male,23,03/07/1929,France,Châteaurenard
319,Katha,Streater,kstreater8u@live.com,Bigender,30,06/11/1955,France,Longwy
320,Tallie,Bibb,tbibb8v@wufoo.com,Male,75,02/11/1970,France,Strasbourg
321,Dar,Button,dbutton8w@free.fr,Male,85,14/02/1987,France,Strasbourg
322,Bambi,Atchly,batchly8x@princeton.edu,Female,32,02/04/2015,France,Lunel
323,Brewster,Grayer,bgrayer8y@hud.gov,Male,29,24/01/1942,France,Rungis
324,Jeff,Osborn,josborn8z@icio.us,Male,63,09/02/2005,France,Cavaillon
325,Gerri,O'Feeney,gofeeney90@example.com,Male,10,30/07/1949,France,Bondy
326,Care,Stutt,cstutt91@mozilla.org,Male,55,15/03/1927,France,Saint-Étienne
327,Donni,Tofful,dtofful92@washington.edu,Female,40,26/02/1963,France,Vanves
328,Teresa,Lamberts,tlamberts93@indiatimes.com,Female,23,21/03/2022,France,Longvic
329,Hube,Creggan,hcreggan94@ft.com,Male,79,18/08/2008,France,Wintzenheim
330,Conway,Sillars,csillars95@comsenz.com,Male,51,28/09/2015,France,Bonneuil-sur-Marne
331,Minda,Medcalfe,mmedcalfe96@dmoz.org,Genderqueer,61,02/11/2009,France,Gif-sur-Yvette
332,Angus,Crewther,acrewther97@123-reg.co.uk,Male,24,27/11/1957,France,Bourg-en-Bresse
333,Karyl,Bahl,kbahl98@unc.edu,Female,41,19/04/1974,France,Aix-en-Provence
334,Kellie,Salmon,ksalmon99@cnet.com,Female,16,21/08/1998,France,Hénin-Beaumont
335,Veronike,Zemler,vzemler9a@tumblr.com,Genderfluid,76,21/03/1987,France,Roissy Charles-de-Gaulle
336,Crystal,Reay,creay9b@webeden.co.uk,Female,14,27/07/1998,France,Amiens
337,Janeva,Percifer,jpercifer9c@huffingtonpost.com,Female,52,02/10/1968,France,Vendargues
338,Lexy,Darton,ldarton9d@xing.com,Genderqueer,67,30/03/1993,France,Lillers
339,Revkah,Cordoba,rcordoba9e@illinois.edu,Female,22,26/04/1943,France,La Rochelle
340,Venita,Notti,vnotti9f@apache.org,Female,42,05/07/1971,France,Challans
341,Ignaz,Emerton,iemerton9g@bizjournals.com,Male,59,14/02/2003,France,Fréjus
342,Poul,Goade,pgoade9h@ucoz.ru,Male,64,23/03/1991,France,Évreux
343,Syman,Asals,sasals9i@craigslist.org,Male,57,17/08/1997,France,Ajaccio
344,Alyda,Carlisle,acarlisle9j@cbc.ca,Female,42,12/05/2011,France,Brest
345,Licha,Rosiello,lrosiello9k@nhs.uk,Female,16,03/09/1948,France,Le Blanc-Mesnil
346,Estrella,Timperley,etimperley9l@desdev.cn,Female,84,21/07/1998,France,Le Grand-Quevilly
347,Nona,Le Maitre,nlemaitre9m@deliciousdays.com,Female,36,03/09/1955,France,Périgueux
348,Ted,Rudderham,trudderham9n@t-online.de,Female,14,15/06/2009,France,Auxerre
349,Regan,McTrustie,rmctrustie9o@opensource.org,Male,11,08/11/1931,France,Plérin
350,Leda,Moye,lmoye9p@nsw.gov.au,Female,68,29/02/1956,France,Grenoble
351,Markos,Huniwall,mhuniwall9q@xing.com,Male,84,08/07/1980,France,Sainte-Geneviève-des-Bois
352,Kurtis,Vasyutichev,kvasyutichev9r@xinhuanet.com,Male,13,19/03/1930,France,Rivesaltes
353,Etan,Whitnall,ewhitnall9s@mysql.com,Male,73,20/03/1941,France,Bonneuil-sur-Marne
354,Eugenio,Gatesman,egatesman9t@sakura.ne.jp,Male,71,17/10/2012,France,Poitiers
355,Noland,Barkus,nbarkus9u@salon.com,Male,41,07/02/2015,France,Belfort
356,Adelind,Gillean,agillean9v@stumbleupon.com,Non-binary,30,22/03/1942,France,Ivry-sur-Seine
357,Hendrika,Sydney,hsydney9w@e-recht24.de,Female,77,08/10/1953,France,Marne-la-Vallée
358,Thoma,Loy,tloy9x@simplemachines.org,Male,25,04/11/2021,France,Dijon
359,Kamila,Conradsen,kconradsen9y@furl.net,Female,58,05/11/1970,France,Schirmeck
360,Garald,Jedrysik,gjedrysik9z@wsj.com,Male,82,27/12/1933,France,Tours
361,Antoine,Selman,aselmana0@scientificamerican.com,Male,23,12/10/1959,France,Saint-Jouan-des-Guérets
362,Evangeline,Fever,efevera1@china.com.cn,Female,63,18/09/2023,France,Loudun
363,Natka,Grimstead,ngrimsteada2@cisco.com,Agender,53,15/11/1936,France,Amboise
364,Marlene,Stansell,mstansella3@studiopress.com,Genderqueer,71,19/07/2001,France,Besançon
365,Milli,Jayne,mjaynea4@squidoo.com,Female,77,12/06/2000,France,Agen
366,Hannie,Oldford,holdforda5@surveymonkey.com,Female,12,08/03/2000,France,Besançon
367,Nikki,Widger,nwidgera6@tumblr.com,Male,38,14/01/1937,France,Quetigny
368,Fairfax,Dudlestone,fdudlestonea7@google.co.jp,Male,70,04/11/2013,France,Caen
369,Nerti,Leates,nleatesa8@angelfire.com,Female,18,12/06/1980,France,Saint-Malo
370,Flo,Parkhouse,fparkhousea9@businessweek.com,Female,69,03/09/1998,France,Meudon
371,Fifi,Brawley,fbrawleyaa@51.la,Female,21,05/06/1999,France,Béthune
372,Inesita,Esler,ieslerab@nih.gov,Female,78,19/06/1941,France,Orléans
373,Kippie,Kindell,kkindellac@w3.org,Male,23,09/05/1957,France,Nice
374,Rochelle,Yashin,ryashinad@apple.com,Female,9,14/11/1934,France,Dijon
375,Rolland,Samsworth,rsamsworthae@gizmodo.com,Male,75,18/09/1938,France,Lens
376,Haily,Bristo,hbristoaf@taobao.com,Male,73,18/05/2017,France,Bourg-en-Bresse
377,Danie,Grovier,dgrovierag@goodreads.com,Male,36,07/12/2022,France,Guilherand-Granges
378,Holden,Sivills,hsivillsah@shutterfly.com,Male,11,09/06/1989,France,Gap
379,Leonie,Vigars,lvigarsai@mlb.com,Female,74,13/12/2015,France,Paris 13
380,Erich,Woloschin,ewoloschinaj@deviantart.com,Male,25,12/04/1964,France,Saint-Quentin
381,Kristoffer,Yitzhok,kyitzhokak@intel.com,Male,82,24/12/1941,France,Toulouse
382,Perla,Lonsbrough,plonsbroughal@theatlantic.com,Female,77,02/03/1945,France,Meaux
383,Odette,Beri,oberiam@exblog.jp,Female,13,11/02/1945,France,Montpellier
384,Ronnie,Barthelemy,rbarthelemyan@rakuten.co.jp,Bigender,47,11/02/1956,France,Issy-les-Moulineaux
385,Mikey,Baal,mbaalao@sbwire.com,Male,72,18/03/1977,France,Bar-le-Duc
386,Chilton,Keyzman,ckeyzmanap@cam.ac.uk,Male,19,30/09/2023,France,Paris 19
387,Kettie,Ulster,kulsteraq@moonfruit.com,Genderfluid,11,29/09/1924,France,Mont-de-Marsan
388,Blancha,Cattermull,bcattermullar@sciencedaily.com,Female,84,26/03/1935,France,Bar-le-Duc
389,Robby,McIlvenny,rmcilvennyas@bravesites.com,Female,7,14/06/1960,France,Tours
390,Gunilla,Halle,ghalleat@blogger.com,Female,66,11/12/1962,France,Mont-Saint-Aignan
391,Olenka,Hatley,ohatleyau@sphinn.com,Female,7,29/05/1927,France,Amiens
392,Danette,Dowgill,ddowgillav@blogs.com,Female,33,14/06/1990,France,Tours
393,Matti,Minerdo,mminerdoaw@simplemachines.org,Bigender,18,13/10/1996,France,Sélestat
394,Karlen,Dargie,kdargieax@sbwire.com,Female,8,14/09/1931,France,Lons-le-Saunier
395,Tillie,Sands-Allan,tsandsallanay@behance.net,Female,11,22/02/1949,France,Rennes
396,Biron,Di Francesco,bdifrancescoaz@ifeng.com,Male,25,29/06/1953,France,Lunel
397,Noah,Palfreeman,npalfreemanb0@goo.ne.jp,Male,43,29/06/1986,France,Caen
398,Shaun,Makin,smakinb1@newsvine.com,Male,31,24/08/1997,France,Paris 14
399,Ragnar,Fishly,rfishlyb2@1688.com,Male,15,11/01/1986,France,Angoulême
400,Nalani,Wapples,nwapplesb3@bbc.co.uk,Female,11,07/03/2012,France,Valenciennes
401,Clem,Spur,cspurb4@facebook.com,Male,24,21/09/1948,France,Marseille
402,Fidelia,Selbach,fselbachb5@behance.net,Female,49,07/06/1952,France,Paris La Défense
403,Pearce,Flatman,pflatmanb6@census.gov,Male,73,19/08/2014,France,Dijon
404,Burty,Munslow,bmunslowb7@omniture.com,Male,54,03/09/1998,France,Sarreguemines
405,Simmonds,Laurenson,slaurensonb8@php.net,Male,33,12/05/1935,France,Tours
406,Melli,Gentric,mgentricb9@w3.org,Female,67,26/02/1964,France,Dijon
407,Tobiah,Benfell,tbenfellba@ca.gov,Male,57,29/12/1971,France,Paris 15
408,Parker,Cato,pcatobb@hexun.com,Male,56,25/09/2005,France,Évreux
409,Read,Lacotte,rlacottebc@desdev.cn,Male,36,11/12/1929,France,Évreux
410,Nathanil,Axup,naxupbd@indiatimes.com,Male,39,28/01/1998,France,Le Mans
411,Kittie,Muffen,kmuffenbe@bloglines.com,Female,7,12/09/2022,France,Mende
412,Royal,Vallentine,rvallentinebf@bluehost.com,Male,31,30/04/1940,France,Fontainebleau
413,Alyce,Lightbody,alightbodybg@yellowpages.com,Female,40,09/07/2006,France,Avranches
414,William,Gussin,wgussinbh@jalbum.net,Male,82,07/02/1940,France,Paris 05
415,Timoteo,Dusey,tduseybi@netscape.com,Male,79,11/12/1958,France,Périgny
416,Rufe,Standing,rstandingbj@mlb.com,Male,26,08/02/2014,France,Chartres
417,Nettle,Mac Geaney,nmacgeaneybk@hao123.com,Female,6,31/10/1990,France,Angoulême
418,Kathi,Gillbey,kgillbeybl@sakura.ne.jp,Female,57,07/01/1999,France,Sélestat
419,Alon,Deedes,adeedesbm@i2i.jp,Male,74,21/06/1934,France,Avon
420,Nadean,Held,nheldbn@elegantthemes.com,Female,37,04/10/1958,France,Toulouse
421,Spike,Hindhaugh,shindhaughbo@businessweek.com,Male,5,20/07/1940,France,Angers
422,Jeanna,Clarey,jclareybp@wikipedia.org,Female,75,11/02/1956,France,Saint-Pierre-des-Corps
423,Kirsti,Hiland,khilandbq@histats.com,Female,12,02/01/1982,France,Nogent-le-Rotrou
424,Kissie,McAlroy,kmcalroybr@typepad.com,Female,37,30/09/1997,France,La Ferté-Bernard
425,Zed,Hyndes,zhyndesbs@cnet.com,Male,55,20/12/1962,France,Troyes
426,Bobbette,Bee,bbeebt@admin.ch,Female,14,16/03/2022,France,Cambrai
427,Lesli,Ionesco,lionescobu@infoseek.co.jp,Female,14,05/06/2003,France,Lons-le-Saunier
428,Gavrielle,Luetkemeyers,gluetkemeyersbv@ask.com,Female,34,30/06/1962,France,Saint-Pierre-Montlimart
429,Vivie,Jochens,vjochensbw@toplist.cz,Female,12,17/07/2020,France,Rouen
430,Alfred,Spering,asperingbx@ca.gov,Male,35,26/11/2008,France,Arnage
431,Bonita,Winfindale,bwinfindaleby@flavors.me,Female,26,15/10/2012,France,Bergerac
432,Bernie,Petel,bpetelbz@bandcamp.com,Female,80,07/01/2020,France,Lagnieu
433,Jordain,Coskerry,jcoskerryc0@paginegialle.it,Female,59,16/09/1961,France,Schiltigheim
434,Christie,Baggs,cbaggsc1@engadget.com,Male,20,09/08/1984,France,Amiens
435,Kandace,Brizell,kbrizellc2@merriam-webster.com,Genderfluid,77,01/01/2018,France,La Talaudière
436,Nellie,Ivannikov,nivannikovc3@people.com.cn,Female,44,26/10/1996,France,Saint-Quentin-en-Yvelines
437,Adrian,Newton,anewtonc4@shutterfly.com,Female,10,27/05/1981,France,Paris 02
438,Kelcie,Mennithorp,kmennithorpc5@domainmarket.com,Female,73,30/03/2006,France,Quimper
439,Raynell,Tolerton,rtolertonc6@ed.gov,Female,55,30/04/1979,France,Valenciennes
440,Frederik,Andrivot,fandrivotc7@fc2.com,Male,75,18/04/1955,France,Vesoul
441,Tate,Cains,tcainsc8@telegraph.co.uk,Male,7,22/06/2002,France,Bègles
442,Horace,Petkovic,hpetkovicc9@ezinearticles.com,Male,47,06/11/1942,France,Carcassonne
443,Wiley,Barense,wbarenseca@archive.org,Male,39,13/04/1932,France,Orléans
444,Catlin,Tryme,ctrymecb@youku.com,Female,47,25/11/2013,France,Quimper
445,Vaughn,Harbertson,vharbertsoncc@hatena.ne.jp,Male,49,02/05/1926,France,Besançon
446,Sam,Cleobury,scleoburycd@cnbc.com,Male,38,25/01/1941,France,Marne-la-Vallée
447,Suzi,Axel,saxelce@photobucket.com,Non-binary,27,06/07/1933,France,Le Bourget-du-Lac
448,Hart,Sanderson,hsandersoncf@uol.com.br,Male,65,09/04/2010,France,Marne-la-Vallée
449,Douglass,Newbatt,dnewbattcg@vimeo.com,Male,70,12/04/1978,France,Châteaudun
450,Edithe,Monck,emonckch@fotki.com,Female,81,08/11/2023,France,Évry
451,Avivah,Guiden,aguidenci@hud.gov,Female,32,26/03/1934,France,Tours
452,Guillermo,Bowcock,gbowcockcj@ox.ac.uk,Non-binary,45,23/05/1936,France,Lucé
453,Kathye,Gyorffy,kgyorffyck@wordpress.com,Female,57,11/02/1973,France,Marseille
454,Noami,Liversage,nliversagecl@lulu.com,Genderfluid,44,28/09/1958,France,Montbéliard
455,Abbey,Judkins,ajudkinscm@utexas.edu,Male,10,24/06/2005,France,Pau
456,Ilsa,Brunn,ibrunncn@google.de,Female,17,14/06/2000,France,Antony
457,Inness,MacSharry,imacsharryco@123-reg.co.uk,Male,66,08/12/2018,France,Cesson-Sévigné
458,Viki,Kitchiner,vkitchinercp@wordpress.com,Non-binary,78,02/06/2021,France,Saint-Jean-de-Monts
459,Yank,Beller,ybellercq@bravesites.com,Male,66,18/10/2008,France,Saint-Étienne
460,Danie,Perkins,dperkinscr@google.ca,Male,27,15/01/1990,France,Paris 12
461,Traver,Sapir,tsapircs@usgs.gov,Male,66,04/03/1949,France,Suresnes
462,Jeff,Taft,jtaftct@japanpost.jp,Male,41,24/02/2007,France,Châtillon
463,Natividad,Calton,ncaltoncu@umich.edu,Female,27,13/05/1986,France,Rouen
464,Con,Kernaghan,ckernaghancv@alexa.com,Female,80,24/08/2000,France,Rennes
465,Brigit,Hadrill,bhadrillcw@techcrunch.com,Female,61,22/10/2019,France,Arcueil
466,Addi,Gerardin,agerardincx@merriam-webster.com,Female,13,16/03/2005,France,Vesoul
467,Electra,McNeish,emcneishcy@google.com.au,Female,54,29/09/1944,France,Digne-les-Bains
468,Karena,Dolling,kdollingcz@alibaba.com,Female,76,28/09/1949,France,Bordeaux
469,Letitia,McPeake,lmcpeaked0@oakley.com,Female,75,30/12/1985,France,Paris 20
470,Giorgia,Opdenort,gopdenortd1@dell.com,Female,80,31/05/1925,France,Chambéry
471,Cecil,Malarkey,cmalarkeyd2@newsvine.com,Male,33,05/05/1936,France,Reims
472,Dannie,Peaple,dpeapled3@irs.gov,Female,47,09/04/1989,France,Villefranche-sur-Saône
473,Ernestine,Bonicelli,ebonicellid4@google.nl,Female,36,03/06/2011,France,Saint-Quentin
474,Briana,Samwell,bsamwelld5@noaa.gov,Female,73,28/04/1943,France,Caluire-et-Cuire
475,Chadwick,Belvin,cbelvind6@google.co.jp,Male,80,16/08/1948,France,Palaiseau
476,Lambert,Eckly,lecklyd7@liveinternet.ru,Male,54,03/01/1963,France,Paris 15
477,Ulrikaumeko,Pelchat,upelchatd8@europa.eu,Female,35,24/04/2002,France,Lannion
478,Elberta,Glyne,eglyned9@wordpress.org,Female,18,16/05/1989,France,Alès
479,Alyson,Audritt,aaudrittda@simplemachines.org,Female,65,24/09/1954,France,Istres
480,West,Statefield,wstatefielddb@newyorker.com,Male,19,24/05/1939,France,Aix-en-Provence
481,Willie,Bulley,wbulleydc@sitemeter.com,Male,12,16/04/1999,France,Le Mans
482,Douglass,Serchwell,dserchwelldd@seattletimes.com,Male,69,05/02/1941,France,Neuilly-sur-Seine
483,Augy,Kalaher,akalaherde@last.fm,Male,17,05/06/1978,France,Évreux
484,Ruddie,Corryer,rcorryerdf@yellowpages.com,Male,29,08/07/1941,France,Blois
485,Malvin,Klimochkin,mklimochkindg@jiathis.com,Male,21,17/09/1960,France,Crépy-en-Valois
486,Galvan,Husher,ghusherdh@state.gov,Male,80,07/09/1984,France,Massy
487,Robinetta,Biles,rbilesdi@wunderground.com,Female,27,19/01/1981,France,Châteauroux
488,Jojo,Kleiser,jkleiserdj@youtu.be,Female,41,29/05/1989,France,Gardanne
489,Tamiko,Lafond,tlafonddk@fema.gov,Female,62,28/09/1966,France,Verdun
490,Hamnet,Melesk,hmeleskdl@myspace.com,Male,70,28/11/1986,France,Marseille
491,Michal,Ferrucci,mferruccidm@yelp.com,Male,21,19/11/1974,France,Perpignan
492,Vin,Trigwell,vtrigwelldn@prweb.com,Bigender,63,04/06/2015,France,Alès
493,Georges,Bow,gbowdo@mediafire.com,Male,62,16/02/1983,France,Nancy
494,Marian,Farrants,mfarrantsdp@google.nl,Female,34,31/05/1947,France,Paris 08
495,Binni,Hullbrook,bhullbrookdq@t-online.de,Female,29,17/05/2024,France,Puteaux
496,Fallon,Rapo,frapodr@hao123.com,Female,48,03/04/1991,France,Nancy
497,Den,Littlekit,dlittlekitds@accuweather.com,Male,19,15/04/1924,France,Le Blanc-Mesnil
498,Abdul,Nyssen,anyssendt@apache.org,Male,29,29/12/1963,France,Pouzauges
499,Carleen,Melsom,cmelsomdu@technorati.com,Female,26,25/12/1954,France,Le Havre
500,Marget,Bolderson,mboldersondv@irs.gov,Female,5,30/06/2001,France,Marseille
501,Freeland,Punyer,fpunyerdw@csmonitor.com,Male,82,30/10/2023,France,Paris 12
502,Sabine,Latham,slathamdx@patch.com,Female,48,06/09/1966,France,Brive-la-Gaillarde
503,Heidi,Bruster,hbrusterdy@google.ca,Female,81,16/09/2016,France,Bayonne
504,Josey,Ferrarese,jferraresedz@gmpg.org,Female,39,07/06/1975,France,Épinal
505,Atalanta,Curner,acurnere0@bandcamp.com,Female,45,12/12/1973,France,Houilles
506,Cathleen,Arnao,carnaoe1@ameblo.jp,Female,11,21/12/2019,France,Versailles
507,Billi,Croci,bcrocie2@vimeo.com,Female,59,27/06/1953,France,Paris La Défense
508,Fulton,Youngs,fyoungse3@unblog.fr,Male,80,08/08/2002,France,Orly
509,Carrie,Buxsey,cbuxseye4@phoca.cz,Female,66,11/01/2021,France,Châtillon
510,Concettina,Bruce,cbrucee5@4shared.com,Female,62,28/10/1977,France,Pouzauges
511,Herschel,Leedal,hleedale6@printfriendly.com,Male,31,06/01/2015,France,Rouen
512,Carney,Americi,camericie7@irs.gov,Male,33,26/05/1983,France,Angoulême
513,Nathanil,Kirckman,nkirckmane8@artisteer.com,Male,32,24/10/1998,France,Boissy-Saint-Léger
514,Elvera,Anglish,eanglishe9@seattletimes.com,Female,69,20/05/1995,France,Thiers
515,Else,Kellock,ekellockea@usnews.com,Female,12,22/05/2014,France,Étampes
516,Anne,Atyea,aatyeaeb@example.com,Female,55,16/11/1973,France,Créteil
517,Delphinia,Tainton,dtaintonec@ucoz.ru,Female,43,02/04/1956,France,Yvetot
518,Brana,Gladstone,bgladstoneed@photobucket.com,Female,76,03/11/1958,France,Rouen
519,Binny,Vanns,bvannsee@seesaa.net,Female,69,08/05/2009,France,Nîmes
520,Humbert,Dinsell,hdinsellef@businessweek.com,Non-binary,78,16/08/1937,France,Fresnes
521,Sibella,Ellit,selliteg@nasa.gov,Female,56,21/04/1968,France,Saint-Ouen
522,Leeland,Sterke,lsterkeeh@xinhuanet.com,Male,34,03/06/1980,France,Bonneville
523,Basil,Walcar,bwalcarei@artisteer.com,Male,6,15/10/1989,France,Saint-Fargeau-Ponthierry
524,Maddy,Sichardt,msichardtej@weather.com,Male,22,06/09/2023,France,Cergy-Pontoise
525,Elisha,Anstie,eanstieek@oakley.com,Female,64,23/11/1987,France,Strasbourg
526,Porter,Vautin,pvautinel@addtoany.com,Male,59,29/11/2020,France,Lyon
527,Morly,Weir,mweirem@google.co.jp,Male,56,29/06/2009,France,Dieppe
528,Hersch,Dymick,hdymicken@cnet.com,Male,11,20/09/1995,France,Nîmes
529,Bary,Huguet,bhugueteo@sakura.ne.jp,Male,31,02/03/2020,France,Guyancourt
530,Ashlin,Driutti,adriuttiep@phpbb.com,Male,21,23/06/1991,France,Lunel
531,Larisa,Lehrer,llehrereq@tinypic.com,Female,33,09/01/1974,France,La Courneuve
532,Terri,Ginglell,tgingleller@usda.gov,Female,75,27/08/1924,France,Sablé-sur-Sarthe
533,Annadiane,Polglase,apolglasees@washingtonpost.com,Female,39,20/01/2004,France,Rueil-Malmaison
534,Elizabeth,Wyness,ewynesset@usnews.com,Female,24,29/12/2023,France,Aulnay-sous-Bois
535,Kory,Almond,kalmondeu@abc.net.au,Male,82,04/03/1942,France,Oyonnax
536,Paola,Bartomeu,pbartomeuev@answers.com,Female,30,20/12/1948,France,Eybens
537,Nara,Jonson,njonsonew@sogou.com,Female,27,23/10/1935,France,Perpignan
538,Dukie,Romain,dromainex@opensource.org,Male,68,18/02/1971,France,Paris 12
539,Ally,Cordier,acordierey@about.me,Female,59,20/04/1955,France,Strasbourg
540,Cindra,Corney,ccorneyez@rambler.ru,Non-binary,45,30/03/2005,France,Orléans
541,Keven,Hyndson,khyndsonf0@timesonline.co.uk,Male,51,12/12/1934,France,Cergy-Pontoise
542,Morse,Klamman,mklammanf1@techcrunch.com,Male,48,11/08/1957,France,Bordeaux
543,Bernete,Veld,bveldf2@desdev.cn,Female,24,31/08/1942,France,Croix
544,Jerri,Cuell,jcuellf3@ucsd.edu,Male,33,13/11/2021,France,Lyon
545,Norton,Lorentzen,nlorentzenf4@cargocollective.com,Male,34,22/02/1929,France,Caen
546,Antonius,Overal,aoveralf5@multiply.com,Male,19,20/04/1974,France,La Garenne-Colombes
547,Ag,Deschlein,adeschleinf6@plala.or.jp,Female,16,14/10/1963,France,Châteauroux
548,Fairfax,Maxwale,fmaxwalef7@ebay.com,Male,80,03/01/1971,France,Domont
549,Nevil,Gargett,ngargettf8@baidu.com,Male,72,14/09/1968,France,Roubaix
550,Vassili,Greves,vgrevesf9@tripod.com,Male,67,06/08/1941,France,Trélazé
551,Colas,Belding,cbeldingfa@friendfeed.com,Bigender,55,23/05/2004,France,Marseille
552,Julie,Bail,jbailfb@de.vu,Male,11,13/02/1998,France,Roanne
553,Sybille,Oneile,soneilefc@wiley.com,Female,9,18/01/1927,France,Créteil
554,Allx,Bignold,abignoldfd@examiner.com,Female,22,15/07/1929,France,Bressuire
555,Alvera,Skelhorne,askelhornefe@domainmarket.com,Non-binary,64,03/09/1999,France,Rennes
556,Marina,Mechell,mmechellff@merriam-webster.com,Female,85,28/07/1932,France,Rueil-Malmaison
557,Olia,Conradie,oconradiefg@telegraph.co.uk,Female,23,24/02/1989,France,Marseille
558,Peggie,Bickley,pbickleyfh@umn.edu,Female,65,03/02/1946,France,L'Union
559,Hugo,Eacott,heacottfi@wikia.com,Male,22,20/10/1962,France,Saint-Étienne
560,Lay,Marrington,lmarringtonfj@businessweek.com,Male,17,26/07/1925,France,Tours
561,Obadiah,Umbert,oumbertfk@who.int,Genderfluid,81,21/03/1937,France,Issy-les-Moulineaux
562,Cindra,Oats,coatsfl@devhub.com,Female,46,06/06/2024,France,Plérin
563,Lisette,Silverthorne,lsilverthornefm@wordpress.com,Female,82,16/11/2020,France,Paris 01
564,Sergent,Blower,sblowerfn@pcworld.com,Male,17,29/05/1949,France,Cergy-Pontoise
565,Niki,Morteo,nmorteofo@msn.com,Male,82,03/11/1975,France,Labège
566,Blinnie,Enriquez,benriquezfp@alibaba.com,Female,65,08/03/2000,France,Paris 16
567,Agace,Baldcock,abaldcockfq@unesco.org,Agender,24,01/11/1953,France,Cergy-Pontoise
568,Rosana,Iacovone,riacovonefr@examiner.com,Female,7,08/06/1942,France,Vannes
569,Melesa,Piotrkowski,mpiotrkowskifs@guardian.co.uk,Female,54,27/01/1999,France,Limoges
570,Giselbert,Jaskiewicz,gjaskiewiczft@cnet.com,Male,8,19/07/1983,France,Chenôve
571,Clint,Arnao,carnaofu@kickstarter.com,Male,70,14/11/1956,France,Bayonne
572,Rhianna,Postance,rpostancefv@soundcloud.com,Female,48,15/01/1956,France,Lillers
573,Brandy,Pringuer,bpringuerfw@ft.com,Female,77,23/08/2007,France,Saint-Jean-de-Luz
574,Omar,Gatrill,ogatrillfx@tuttocitta.it,Male,62,20/03/1942,France,Lyon
575,Codi,Ashborne,cashbornefy@census.gov,Female,22,20/10/1997,France,Fresnes
576,Angelina,Vondrak,avondrakfz@miibeian.gov.cn,Female,18,09/03/1939,France,Futuroscope
577,Oralee,Maton,omatong0@constantcontact.com,Female,66,26/11/1924,France,La Plaine-Saint-Denis
578,Modestine,Sothern,msotherng1@google.co.uk,Female,6,11/06/1987,France,Wintzenheim
579,Karyn,Chadwen,kchadweng2@bloglines.com,Female,57,14/02/2017,France,Roubaix
580,Bar,Ossenna,bossennag3@ftc.gov,Male,16,31/12/2021,France,Creil
581,Billy,Arnaudin,barnauding4@reference.com,Male,11,28/05/1941,France,Lomme
582,Philippa,Idill,pidillg5@techcrunch.com,Female,46,17/10/2011,France,Paris 14
583,Andeee,Costellow,acostellowg6@dyndns.org,Female,44,05/06/2000,France,Vernon
584,Forrest,Kolodziejski,fkolodziejskig7@plala.or.jp,Male,34,25/04/1965,France,Noisy-le-Grand
585,Graeme,Lewer,glewerg8@nba.com,Male,17,08/09/1966,France,La Tour-du-Pin
586,Pauletta,Flute,pfluteg9@slate.com,Female,41,07/09/2014,France,Beaune
587,Homerus,Sigg,hsiggga@blogspot.com,Bigender,61,12/02/1966,France,Paris 16
588,Zebadiah,Christofor,zchristoforgb@ameblo.jp,Male,74,16/11/1927,France,Marseille
589,Carey,McClean,cmccleangc@apple.com,Male,15,02/01/2015,France,Thouars
590,Sherman,Vanderson,svandersongd@china.com.cn,Male,48,12/11/1945,France,Versailles
591,Marya,Sulman,msulmange@msn.com,Female,41,16/06/1934,France,Sarrebourg
592,Hyatt,McLugaish,hmclugaishgf@altervista.org,Male,28,20/07/1934,France,Nice
593,Chrysa,Gepheart,cgepheartgg@joomla.org,Female,10,29/10/1981,France,Bordeaux
594,Hestia,Botha,hbothagh@paypal.com,Female,55,06/02/1995,France,Saint-Brieuc
595,Brooke,Lantuffe,blantuffegi@guardian.co.uk,Female,54,10/05/1978,France,Futuroscope
596,Rosella,Lages,rlagesgj@fda.gov,Female,76,11/03/1949,France,Sannois
597,Shawna,Rainard,srainardgk@webs.com,Female,51,07/02/2021,France,Chartres
598,Cookie,Ryan,cryangl@1und1.de,Female,18,23/08/1967,France,Reims
599,Jordan,Knevett,jknevettgm@discovery.com,Bigender,37,13/08/1985,France,Corbeil-Essonnes
600,Candida,Greatorex,cgreatorexgn@fastcompany.com,Female,31,06/10/1952,France,Douarnenez
601,Stoddard,Chatain,schataingo@bbb.org,Bigender,30,05/05/1954,France,La Seyne-sur-Mer
602,Wash,Follan,wfollangp@microsoft.com,Male,20,02/07/1941,France,Lyon
603,Sibyl,O'Duane,soduanegq@google.fr,Male,32,15/01/1996,France,Montpellier
604,Beck,Larway,blarwaygr@paginegialle.it,Male,17,28/09/1965,France,La Valette-du-Var
605,Bartlett,Trewartha,btrewarthags@aboutads.info,Male,71,27/08/2005,France,Nice
606,Felic,Clemencet,fclemencetgt@google.co.uk,Male,61,23/08/1984,France,Besançon
607,Philly,Wickwarth,pwickwarthgu@livejournal.com,Female,25,11/05/1958,France,Saint-Fargeau-Ponthierry
608,Evonne,Garrioch,egarriochgv@time.com,Female,6,15/08/2016,France,Paris 12
609,Garvy,Lammers,glammersgw@homestead.com,Agender,39,22/10/1976,France,Nantes
610,Joline,Hagley,jhagleygx@virginia.edu,Female,38,01/10/1957,France,Lattes
611,Nick,Bertomieu,nbertomieugy@hud.gov,Male,21,04/08/1928,France,Ivry-sur-Seine
612,Basilius,McGennis,bmcgennisgz@smugmug.com,Male,51,28/06/1974,France,Cavaillon
613,Lindie,Ranald,lranaldh0@spotify.com,Female,5,04/09/1975,France,Paris 12
614,Brocky,Watkiss,bwatkissh1@liveinternet.ru,Male,64,17/04/1945,France,Montpellier
615,Rip,Underhill,runderhillh2@accuweather.com,Male,52,06/06/2010,France,Provins
616,Shari,Girk,sgirkh3@businessinsider.com,Non-binary,48,10/03/1963,France,Saint-Étienne
617,Amandie,Dunsford,adunsfordh4@netscape.com,Female,18,05/05/1926,France,Puget-sur-Argens
618,Brooke,Dummett,bdummetth5@about.me,Male,23,09/06/1927,France,Montbrison
619,Minetta,Chanter,mchanterh6@howstuffworks.com,Female,60,20/09/1994,France,Suresnes
620,Merlina,Halsworth,mhalsworthh7@ask.com,Female,34,29/07/1975,France,Vedène
621,Louise,Harp,lharph8@canalblog.com,Female,50,11/01/1960,France,Paris 13
622,Marys,Suttle,msuttleh9@360.cn,Female,39,10/12/1924,France,Blagnac
623,Stanley,Berrisford,sberrisfordha@qq.com,Male,45,27/03/2010,France,Coutances
624,Moises,Paquet,mpaquethb@jimdo.com,Male,37,10/10/2012,France,Nancy
625,Stanton,Machen,smachenhc@msu.edu,Male,42,01/07/1961,France,Mérignac
626,Berkley,de Keyser,bdekeyserhd@lulu.com,Male,52,06/07/2015,France,Saint-Étienne
627,Edin,Mathewson,emathewsonhe@blogspot.com,Female,46,13/04/1975,France,Ajaccio
628,Tobiah,Tummond,ttummondhf@about.me,Male,48,20/12/1944,France,Périgny
629,Darbie,Thon,dthonhg@hexun.com,Female,5,22/07/1958,France,Roissy Charles-de-Gaulle
630,Ernesto,Paine,epainehh@cdc.gov,Male,24,31/03/1938,France,Levallois-Perret
631,Sheela,Prinn,sprinnhi@cbslocal.com,Polygender,21,10/09/1999,France,Montfavet
632,Genny,Pfeiffer,gpfeifferhj@springer.com,Female,63,19/12/1952,France,Sarrebourg
633,Paige,Rikkard,prikkardhk@ning.com,Male,51,14/05/2019,France,Labège
634,Glen,Lealle,gleallehl@webmd.com,Male,56,25/01/1979,France,Lille
635,Charlean,Dinnis,cdinnishm@spotify.com,Female,31,12/10/2010,France,Perpignan
636,Doug,Hussell,dhussellhn@youtube.com,Male,57,04/09/2009,France,Évry
637,Jozef,Germon,jgermonho@census.gov,Male,52,16/12/1947,France,Istres
638,Cull,Dering,cderinghp@amazon.co.jp,Male,5,09/04/2000,France,Belfort
639,Leeanne,Maylour,lmaylourhq@independent.co.uk,Female,47,02/02/1956,France,Tours
640,Mandi,Pettko,mpettkohr@youtube.com,Female,9,22/05/2002,France,Agen
641,Aurthur,Farra,afarrahs@tripod.com,Male,9,12/04/2021,France,Flers
642,Luis,Starrs,lstarrsht@sciencedaily.com,Male,72,26/12/1984,France,Chalon-sur-Saône
643,Aubrette,Pedro,apedrohu@google.co.jp,Female,9,04/09/1983,France,Champigny-sur-Marne
644,Sidoney,Bullock,sbullockhv@opensource.org,Female,64,20/07/1964,France,Saumur
645,Rodd,Rumsey,rrumseyhw@cbsnews.com,Male,35,17/07/1989,France,Futuroscope
646,Gilbertine,Sperwell,gsperwellhx@amazon.co.uk,Female,39,09/01/1934,France,Besançon
647,Otho,Oswick,ooswickhy@nytimes.com,Male,80,13/11/1952,France,Le Havre
648,Koressa,Navarre,knavarrehz@google.com.br,Female,60,18/12/1992,France,Sannois
649,Orran,Kamen,okameni0@artisteer.com,Male,74,01/05/1928,France,Barr
650,Henry,Tern,hterni1@imageshack.us,Male,75,19/08/1997,France,Beauvais
651,Shel,Westcot,swestcoti2@miibeian.gov.cn,Female,46,10/12/1999,France,Bayeux
652,Inessa,Duffin,iduffini3@who.int,Female,29,10/05/1972,France,Rouen
653,Belle,Lowdwell,blowdwelli4@reddit.com,Female,29,24/10/1947,France,La Rochelle
654,Bendite,Zanutti,bzanuttii5@cisco.com,Female,28,09/12/1994,France,Roissy Charles-de-Gaulle
655,Gerard,McLucky,gmcluckyi6@mashable.com,Male,63,19/02/1948,France,Élancourt
656,Tallou,Manuello,tmanuelloi7@comcast.net,Female,9,14/06/1949,France,Rungis
657,Jacquie,Bredgeland,jbredgelandi8@squarespace.com,Female,77,17/08/2004,France,Issoire
658,Perle,Langlais,planglaisi9@naver.com,Female,30,24/07/2019,France,Courbevoie
659,Lucas,Guilliatt,lguilliattia@usda.gov,Male,30,03/11/1953,France,Paris 03
660,Gus,Pendleberry,gpendleberryib@google.com.au,Female,73,03/01/2022,France,Cahors
661,Gus,Mumm,gmummic@behance.net,Female,83,22/02/1977,France,Vitry-le-François
662,Perle,Eisikowitz,peisikowitzid@indiegogo.com,Agender,30,26/05/1995,France,Pau
663,Rodney,Dodwell,rdodwellie@over-blog.com,Male,49,16/04/1939,France,Lons-le-Saunier
664,Kalinda,Waymont,kwaymontif@miitbeian.gov.cn,Female,67,04/06/1962,France,Cergy-Pontoise
665,Clevey,Springthorpe,cspringthorpeig@vinaora.com,Male,65,09/01/1932,France,Aurillac
666,Lee,Enrich,lenrichih@wikimedia.org,Male,7,18/10/1929,France,Vesoul
667,Kendre,Brimson,kbrimsonii@apache.org,Female,73,05/08/1999,France,Aix-en-Provence
668,Hi,Frizell,hfrizellij@guardian.co.uk,Non-binary,15,01/06/1959,France,Lunel
669,Husein,Cooch,hcoochik@sohu.com,Male,51,09/02/1946,France,Bayonne
670,Wesley,Lanceter,wlanceteril@usda.gov,Male,49,04/04/2003,France,Aubagne
671,Doralyn,Attwoull,dattwoullim@opensource.org,Female,44,21/04/1962,France,Paris 09
672,Susi,McLorinan,smclorinanin@ucoz.com,Female,8,06/03/1967,France,Cluses
673,Conrado,Hawtry,chawtryio@usa.gov,Male,80,29/05/1972,France,Saint-Brieuc
674,Lemmie,Sate,lsateip@ox.ac.uk,Male,18,13/05/2021,France,Paris 18
675,Stoddard,Warmington,swarmingtoniq@nasa.gov,Female,75,19/10/1947,France,Épernay
676,Milka,Chaloner,mchalonerir@gizmodo.com,Genderqueer,71,11/11/1987,France,Cergy-Pontoise
677,Nannette,Woodrow,nwoodrowis@t.co,Female,42,20/07/2018,France,Créteil
678,Willy,Wincer,wwincerit@wikia.com,Female,17,13/06/1945,France,Roissy Charles-de-Gaulle
679,Carlyle,Bater,cbateriu@about.com,Male,28,31/08/2008,France,Saint-Fargeau-Ponthierry
680,Perceval,Hassey,phasseyiv@ftc.gov,Male,8,27/09/1982,France,Bordeaux
681,Benedikta,Craggs,bcraggsiw@icq.com,Female,78,03/06/2021,France,Chartres
682,Bert,Buye,bbuyeix@gravatar.com,Female,37,03/03/2017,France,Arcachon
683,Abbey,Tripp,atrippiy@blogger.com,Female,49,19/11/1955,France,Montpellier
684,Othello,Vick,ovickiz@scribd.com,Male,52,31/12/1992,France,Pau
685,Sandor,Scoone,sscoonej0@icio.us,Male,68,23/10/1979,France,Coulommiers
686,Lammond,Trusdale,ltrusdalej1@salon.com,Male,20,13/07/1927,France,Dammarie-les-Lys
687,Pansie,Gasnell,pgasnellj2@usnews.com,Polygender,79,21/04/2015,France,Le Chambon-Feugerolles
688,Whitby,Lowings,wlowingsj3@huffingtonpost.com,Male,70,15/03/2013,France,Dijon
689,Elias,Burwell,eburwellj4@sina.com.cn,Male,77,19/02/2014,France,Arras
690,Corrina,Esland,ceslandj5@networkadvertising.org,Female,35,02/07/1990,France,Villejuif
691,Ephrem,Denizet,edenizetj6@opera.com,Male,56,04/02/1957,France,La Rochelle
692,Noble,Joel,njoelj7@webs.com,Male,49,31/08/2022,France,Metz
693,Hamilton,Le Maitre,hlemaitrej8@jiathis.com,Male,10,17/05/1955,France,Carcassonne
694,Orlan,Otton,oottonj9@bluehost.com,Male,75,28/01/1931,France,Beauvais
695,Christyna,Dinse,cdinseja@pagesperso-orange.fr,Female,38,26/05/2021,France,Romans-sur-Isère
696,Chalmers,Morch,cmorchjb@topsy.com,Male,58,02/01/2025,France,Amiens
697,Colman,Simony,csimonyjc@privacy.gov.au,Male,13,02/06/1991,France,Quimper
698,Lonni,McEnhill,lmcenhilljd@state.gov,Female,26,04/12/1994,France,Roissy Charles-de-Gaulle
699,Fidelity,Ellcome,fellcomeje@is.gd,Female,13,05/07/2007,France,Étampes
700,Buddy,Tomaskunas,btomaskunasjf@networksolutions.com,Male,51,04/11/1935,France,Marne-la-Vallée
701,Consuelo,McEllen,cmcellenjg@blinklist.com,Female,11,10/12/1989,France,Angoulême
702,Sue,Maureen,smaureenjh@netscape.com,Female,78,11/01/1968,France,Illkirch-Graffenstaden
703,Roman,Cattermull,rcattermullji@youtube.com,Male,62,30/08/2005,France,Lille
704,Hamel,Schottli,hschottlijj@hubpages.com,Bigender,66,28/04/2016,France,Manosque
705,Cassandre,Rossbrook,crossbrookjk@trellian.com,Female,74,23/09/1958,France,Tours
706,Allyn,Ryott,aryottjl@google.ru,Female,16,29/02/1996,France,Nantes
707,Carree,Pennyman,cpennymanjm@telegraph.co.uk,Female,59,01/11/1996,France,Marseille
708,Conway,Wardrop,cwardropjn@biglobe.ne.jp,Genderfluid,30,13/12/1971,France,Strasbourg
709,Burt,Rudolph,brudolphjo@dmoz.org,Male,52,06/08/1998,France,Versailles
710,Marshall,Iorizzo,miorizzojp@ebay.co.uk,Male,15,11/12/1956,France,Avignon
711,Eddy,Goskar,egoskarjq@disqus.com,Male,49,16/02/1937,France,Perpignan
712,Brandy,Mochan,bmochanjr@youtube.com,Male,57,21/10/1947,France,Le Mans
713,Hephzibah,Matthis,hmatthisjs@auda.org.au,Female,24,30/07/1991,France,Saint-Julien-en-Genevois
714,Bing,McCaffrey,bmccaffreyjt@booking.com,Male,66,02/08/1932,France,Marseille
715,Reid,D'Andrea,rdandreaju@goo.gl,Male,39,13/12/1939,France,Soisy-sous-Montmorency
716,Torrie,Innerstone,tinnerstonejv@shop-pro.jp,Female,62,16/04/1937,France,Paris 11
717,Elbertina,Danilin,edanilinjw@webnode.com,Non-binary,15,05/06/1924,France,Angers
718,Kimberli,Byars,kbyarsjx@themeforest.net,Female,75,11/09/2024,France,Auch
719,Brigid,Newhouse,bnewhousejy@delicious.com,Female,64,30/09/1974,France,Golbey
720,Libbie,Boteman,lbotemanjz@tumblr.com,Female,34,19/05/1962,France,Orly aérogare
721,Cullie,Giovannelli,cgiovannellik0@hostgator.com,Male,59,01/05/2009,France,Orléans
722,Ashlin,Raiker,araikerk1@umich.edu,Male,79,02/03/1987,France,Paris 01
723,Viola,Cremin,vcremink2@wikispaces.com,Female,44,20/11/1966,France,Arles
724,Karol,Harraway,kharrawayk3@arstechnica.com,Female,23,23/03/1924,France,Lyon
725,Rod,Smalls,rsmallsk4@opensource.org,Male,79,17/06/1940,France,Strasbourg
726,Tarrance,Vanyushin,tvanyushink5@ft.com,Male,51,01/02/1974,France,Bordeaux
727,Shantee,Pullan,spullank6@jimdo.com,Female,11,05/06/2020,France,Lyon
728,Liv,Bedow,lbedowk7@npr.org,Polygender,69,08/02/1946,France,Châteauroux
729,Albie,Terzza,aterzzak8@deviantart.com,Male,76,13/09/1997,France,Le Pontet
730,Rudy,Shemwell,rshemwellk9@unblog.fr,Male,57,16/12/1973,France,Taverny
731,Reggie,McGairl,rmcgairlka@sohu.com,Female,34,17/01/1949,France,Issoire
732,Ernie,Flohard,eflohardkb@i2i.jp,Male,25,06/04/1993,France,Hénin-Beaumont
733,Dino,Beau,dbeaukc@redcross.org,Male,33,26/02/1988,France,Dieppe
734,Christophe,Huggard,chuggardkd@sogou.com,Male,24,26/09/2012,France,Dijon
735,Gustave,Cogan,gcoganke@is.gd,Male,53,21/12/1949,France,Saint-Herblain
736,Kaspar,Buzza,kbuzzakf@wiley.com,Male,68,17/07/2017,France,Paris 10
737,Constancy,Levesque,clevesquekg@de.vu,Female,21,25/11/1925,France,Vitrolles
738,Hasty,Hammond,hhammondkh@google.de,Male,27,30/08/2015,France,Alès
739,Glen,Beardow,gbeardowki@bandcamp.com,Polygender,76,29/06/1999,France,Guérande
740,Chandal,Spata,cspatakj@gizmodo.com,Female,22,03/01/1966,France,Metz
741,Melvyn,Beever,mbeeverkk@dropbox.com,Male,74,10/06/1957,France,Landivisiau
742,Donelle,O' Mulderrig,domulderrigkl@narod.ru,Female,14,05/04/1964,France,Paris 18
743,Major,Goss,mgosskm@xing.com,Male,37,21/07/1943,France,Labège
744,Gaylord,Dunlap,gdunlapkn@china.com.cn,Male,49,14/06/1950,France,Neuilly-sur-Seine
745,Tristan,Grinley,tgrinleyko@umn.edu,Male,30,11/08/1950,France,Royan
746,Bil,Pargeter,bpargeterkp@friendfeed.com,Male,27,30/12/1976,France,Paris 17
747,Max,MacMurray,mmacmurraykq@google.pl,Female,85,24/12/1952,France,Troyes
748,Olly,Theaker,otheakerkr@parallels.com,Male,35,27/09/1995,France,Lille
749,Matthus,Ledster,mledsterks@furl.net,Male,51,05/10/1933,France,Cestas
750,Pauly,Morphew,pmorphewkt@edublogs.org,Female,37,25/07/1937,France,La Roche-sur-Yon
751,Ugo,Udie,uudieku@pagesperso-orange.fr,Male,78,06/12/1978,France,Morez
752,Jed,Placstone,jplacstonekv@mit.edu,Male,73,23/05/1956,France,Aix-les-Bains
753,Lucio,Giotto,lgiottokw@xrea.com,Male,32,07/07/2001,France,Marmande
754,Evy,Victor,evictorkx@odnoklassniki.ru,Female,53,25/06/2020,France,Châteaurenard
755,Nertie,Di Biagi,ndibiagiky@eventbrite.com,Agender,68,07/11/1927,France,Creil
756,Ross,Ashplant,rashplantkz@dmoz.org,Male,58,28/11/1926,France,Rennes
757,Stefano,Watmore,swatmorel0@dagondesign.com,Male,32,27/05/1935,France,Paris 17
758,Henderson,Rheubottom,hrheubottoml1@mysql.com,Male,24,13/03/1960,France,La Ravoire
759,Inger,Lucio,iluciol2@ask.com,Male,37,11/12/1928,France,Chambéry
760,Dido,Graben,dgrabenl3@microsoft.com,Female,35,12/11/1946,France,Cergy-Pontoise
761,Adara,Rait,araitl4@a8.net,Female,31,03/02/2015,France,Dijon
762,Des,McClinton,dmcclintonl5@hp.com,Male,47,21/01/1944,France,Marseille
763,Nikki,Spillane,nspillanel6@aboutads.info,Male,56,27/09/1929,France,Brive-la-Gaillarde
764,Alister,Gibbs,agibbsl7@nytimes.com,Male,70,18/11/1954,France,Caen
765,Rene,Dunkerley,rdunkerleyl8@cmu.edu,Female,37,04/03/2003,France,Angoulême
766,Claribel,Ferrand,cferrandl9@i2i.jp,Female,9,02/01/2011,France,Périgueux
767,Gail,Mazzilli,gmazzillila@amazon.com,Female,67,07/03/1926,France,Saint-Herblain
768,Sayer,Craister,scraisterlb@tumblr.com,Male,36,01/03/1934,France,Saint-Julien-en-Genevois
769,Hector,Icom,hicomlc@posterous.com,Male,39,23/10/1944,France,Neuilly-sur-Marne
770,Layney,Snoad,lsnoadld@nydailynews.com,Genderqueer,19,29/06/1951,France,Bordeaux
771,Angil,Perview,aperviewle@jigsy.com,Female,19,16/11/1970,France,Melun
772,Cleopatra,Betteriss,cbetterisslf@sfgate.com,Female,57,20/06/1983,France,Montpellier
773,Jennilee,Poytress,jpoytresslg@apache.org,Genderfluid,8,11/08/1997,France,Tournon-sur-Rhône
774,Alec,Kumar,akumarlh@nytimes.com,Male,39,27/09/1997,France,Périgueux
775,Juan,Gilluley,jgilluleyli@wikispaces.com,Male,38,27/07/2011,France,Bastia
776,Sauncho,Wallicker,swallickerlj@elpais.com,Male,72,31/12/2007,France,Décines-Charpieu
777,Carlyn,Plowes,cploweslk@arstechnica.com,Female,14,22/08/1990,France,Besançon
778,Jobyna,Stainbridge,jstainbridgell@purevolume.com,Female,57,11/03/1977,France,Boulogne-Billancourt
779,Camey,Todd,ctoddlm@gravatar.com,Male,16,18/04/1955,France,Brest
780,Celesta,Afield,cafieldln@cargocollective.com,Female,65,12/02/1962,France,Rueil-Malmaison
781,Raynell,Benettelli,rbenettellilo@soup.io,Female,7,15/01/1955,France,Lille
782,Tawsha,Slocombe,tslocombelp@homestead.com,Bigender,52,31/12/1937,France,Villeurbanne
783,Katey,Hollingsby,khollingsbylq@yahoo.com,Female,79,25/09/1950,France,Marseille
784,Harman,Queste,hquestelr@spotify.com,Male,37,28/03/2013,France,La Rochelle
785,Rozanna,Whittet,rwhittetls@yahoo.com,Female,13,17/06/1934,France,Marseille
786,Lola,Alti,laltilt@mozilla.org,Female,66,20/09/1976,France,Montfort-sur-Meu
787,Bord,Belbin,bbelbinlu@europa.eu,Male,18,27/07/1956,France,Pontivy
788,Regine,Brignall,rbrignalllv@dell.com,Female,7,15/11/1946,France,Vandœuvre-lès-Nancy
789,Ike,Van Saltsberg,ivansaltsberglw@goo.gl,Male,59,13/05/2008,France,Bagnolet
790,Monti,Giovanetti,mgiovanettilx@amazon.co.jp,Male,70,11/02/1925,France,Sarreguemines
791,Vernor,Roumier,vroumierly@europa.eu,Male,48,26/04/1987,France,Domont
792,Idalia,Elwel,ielwellz@unesco.org,Female,30,21/09/2011,France,Marseille
793,Courtenay,Leythley,cleythleym0@gravatar.com,Female,83,14/07/1960,France,Évreux
794,Georgi,Dowsett,gdowsettm1@scribd.com,Male,39,03/02/1946,France,Cholet
795,Maggee,Gillyatt,mgillyattm2@macromedia.com,Polygender,40,08/02/1957,France,Valenciennes
796,Alec,Dagger,adaggerm3@google.cn,Genderfluid,34,09/06/2019,France,Lons-le-Saunier
797,Kailey,Bradock,kbradockm4@webs.com,Female,76,18/10/1956,France,Niort
798,Delphine,Colqueran,dcolqueranm5@timesonline.co.uk,Female,26,06/04/1943,France,Bourg-en-Bresse
799,Lev,Cavill,lcavillm6@kickstarter.com,Male,52,25/06/1992,France,Villeneuve-la-Garenne
800,Griselda,Keepe,gkeepem7@godaddy.com,Female,21,08/06/1999,France,Roubaix
801,Nyssa,Dell Casa,ndellcasam8@dmoz.org,Female,23,13/05/1938,France,Paris 11
802,Grazia,Quodling,gquodlingm9@irs.gov,Female,10,14/01/1947,France,Saint-Dié-des-Vosges
803,Christophorus,Franklin,cfranklinma@columbia.edu,Male,55,28/05/2019,France,Bayeux
804,Malinde,Lawling,mlawlingmb@lulu.com,Female,42,29/05/1987,France,Bordeaux
805,Nicky,Jackett,njackettmc@yolasite.com,Male,9,31/01/1999,France,Orléans
806,Roma,Lagen,rlagenmd@deliciousdays.com,Male,12,20/03/1974,France,Bobigny
807,Ollie,Schust,oschustme@alibaba.com,Male,79,10/02/1945,France,Le Havre
808,Arleyne,Urlin,aurlinmf@fotki.com,Female,64,15/01/2013,France,Marne-la-Vallée
809,Collette,Danilchenko,cdanilchenkomg@bandcamp.com,Female,72,18/02/1994,France,Haguenau
810,Gwenneth,Tasker,gtaskermh@mysql.com,Female,71,30/04/1937,France,Paris 13
811,Cyndi,Oman,comanmi@house.gov,Female,69,13/01/1989,France,Niort
812,Roderick,Stebbing,rstebbingmj@discovery.com,Male,73,22/06/1966,France,Valence
813,Joye,Dawney,jdawneymk@ocn.ne.jp,Female,49,21/12/1957,France,Balma
814,Adore,Chazerand,achazerandml@i2i.jp,Female,5,18/12/1998,France,Rungis
815,Anthiathia,Sheer,asheermm@pinterest.com,Female,61,03/06/1993,France,Deauville
816,Arney,Whoolehan,awhoolehanmn@nba.com,Male,13,31/07/2011,France,Briey
817,Micky,Krojn,mkrojnmo@dell.com,Male,16,31/01/2022,France,Tourcoing
818,Roldan,Malenoir,rmalenoirmp@about.me,Male,30,10/11/2016,France,Arbois
819,Hans,Tomet,htometmq@storify.com,Male,20,01/08/2018,France,Nîmes
820,Latashia,Flello,lflellomr@dropbox.com,Female,45,19/04/1944,France,Cherbourg-Octeville
821,Devonna,Sculpher,dsculpherms@nationalgeographic.com,Female,85,13/10/1969,France,Paris 18
822,Ailbert,Bruneau,abruneaumt@europa.eu,Male,25,05/10/1924,France,Montpellier
823,Melisenda,Blaxter,mblaxtermu@ocn.ne.jp,Female,68,25/01/2008,France,Martigues
824,Delia,Royan,droyanmv@samsung.com,Female,32,14/12/1925,France,Albi
825,Selinda,Deluce,sdelucemw@vk.com,Female,19,17/03/1931,France,Brétigny-sur-Orge
826,Lazare,Dupoy,ldupoymx@ed.gov,Male,31,03/02/1987,France,Annecy
827,Darlleen,Fogarty,dfogartymy@ifeng.com,Female,81,13/08/1940,France,Dijon
828,Akim,Devany,adevanymz@ted.com,Male,13,06/09/1943,France,Courtaboeuf
829,Jefferey,Prewer,jprewern0@nbcnews.com,Male,68,03/11/1983,France,Besançon
830,Shandeigh,Gurden,sgurdenn1@smh.com.au,Female,76,08/11/2023,France,Paris 17
831,Bondon,Lilford,blilfordn2@netscape.com,Male,18,31/07/2004,France,Amiens
832,Minni,Bradbeer,mbradbeern3@fda.gov,Female,45,04/04/1943,France,Paris 13
833,Cheslie,Penburton,cpenburtonn4@reference.com,Female,77,14/03/1972,France,Annecy
834,Aidan,Ferrarone,aferraronen5@washingtonpost.com,Female,44,22/08/2013,France,Lille
835,Garret,Danilovic,gdanilovicn6@army.mil,Male,39,20/01/2009,France,Bobigny
836,Romeo,Boas,rboasn7@usatoday.com,Male,73,30/10/1985,France,Cluses
837,Effie,Matteoli,ematteolin8@theglobeandmail.com,Female,30,16/12/1940,France,Issy-les-Moulineaux
838,Giacinta,Pollendine,gpollendinen9@youtu.be,Female,14,21/08/1945,France,Houilles
839,Lay,Stonbridge,lstonbridgena@flavors.me,Male,80,27/06/1944,France,Belfort
840,Norene,Jellings,njellingsnb@elegantthemes.com,Genderqueer,65,05/05/1968,France,Nice
841,Ermengarde,McVanamy,emcvanamync@huffingtonpost.com,Female,78,20/02/1980,France,Bobigny
842,Ortensia,Pleasants,opleasantsnd@histats.com,Female,56,16/12/2008,France,Champigny-sur-Marne
843,Jenine,Shearston,jshearstonne@jigsy.com,Female,11,07/06/1983,France,Vitry-sur-Seine
844,Lorita,Dibner,ldibnernf@163.com,Female,65,28/01/1960,France,Marseille
845,Heinrick,Qualtrough,hqualtroughng@seattletimes.com,Male,62,16/11/1996,France,Bobigny
846,Bethena,Olivello,bolivellonh@washington.edu,Female,79,13/01/1993,France,Strasbourg
847,Shaine,Turmel,sturmelni@si.edu,Female,49,17/08/1936,France,Évreux
848,Nev,Bamborough,nbamboroughnj@angelfire.com,Male,30,11/03/1940,France,Le Havre
849,Devin,Gruby,dgrubynk@nyu.edu,Female,62,25/05/2017,France,Bagnolet
850,Maury,Arden,mardennl@photobucket.com,Male,29,16/07/1924,France,Nanterre
851,Zeb,Coffelt,zcoffeltnm@seesaa.net,Male,81,23/08/1988,France,Guebwiller
852,Cornela,Colleran,ccollerannn@xing.com,Polygender,81,12/08/1961,France,Aix-en-Provence
853,Talbert,Kett,tkettno@facebook.com,Male,56,09/10/1967,France,Marne-la-Vallée
854,Adan,Hook,ahooknp@imgur.com,Non-binary,66,22/05/1994,France,Carquefou
855,Bruno,Elmer,belmernq@scientificamerican.com,Male,54,21/11/2006,France,Melun
856,Janelle,Olivier,joliviernr@blogger.com,Female,54,03/05/2021,France,Autun
857,Amye,Labba,alabbans@wired.com,Female,44,22/11/1960,France,Dunkerque
858,Sharlene,Baynard,sbaynardnt@myspace.com,Female,83,17/03/2000,France,Frontignan
859,Perrine,Wenderott,pwenderottnu@scribd.com,Non-binary,13,11/06/1955,France,Caen
860,Ferdinand,Guilloud,fguilloudnv@guardian.co.uk,Male,56,27/08/2012,France,Strasbourg
861,Lois,Candie,lcandienw@mashable.com,Female,47,29/09/1933,France,Vagney
862,Jacquenetta,Royston,jroystonnx@engadget.com,Female,7,18/12/1945,France,Bourges
863,Emmalynn,Boas,eboasny@state.gov,Female,46,10/06/1992,France,Roissy Charles-de-Gaulle
864,Dur,Comelli,dcomellinz@ustream.tv,Male,58,27/10/1986,France,Mérignac
865,Suzann,Reyburn,sreyburno0@cdc.gov,Female,50,23/05/1967,France,Niort
866,Reinwald,Clampe,rclampeo1@jiathis.com,Male,59,27/11/1991,France,Sainte-Luce-sur-Loire
867,Nanine,Cerie,ncerieo2@ameblo.jp,Female,33,01/05/2014,France,Rennes
868,Peg,Inkle,pinkleo3@telegraph.co.uk,Female,63,07/04/1939,France,Digne-les-Bains
869,Melvin,Chander,mchandero4@statcounter.com,Male,61,28/05/1958,France,Périgny
870,Paolina,Harvey,pharveyo5@indiegogo.com,Female,42,25/04/1935,France,Bar-le-Duc
871,Loralyn,Picker,lpickero6@accuweather.com,Female,21,05/05/1991,France,Décines-Charpieu
872,Paul,McSkin,pmcskino7@bluehost.com,Male,39,28/04/1996,France,Yvetot
873,Caty,Bamlet,cbamleto8@craigslist.org,Female,61,23/02/1945,France,Angers
874,Barthel,Dericut,bdericuto9@facebook.com,Male,14,02/07/1969,France,Le Havre
875,Elaine,Goodricke,egoodrickeoa@canalblog.com,Female,59,26/04/1977,France,Châlons-en-Champagne
876,Deerdre,Koppeck,dkoppeckob@51.la,Non-binary,10,01/05/1951,France,Berck
877,Aylmer,Monro,amonrooc@angelfire.com,Male,50,04/08/1996,France,Montélimar
878,Candy,Varney,cvarneyod@icq.com,Female,13,17/12/2015,France,Issy-les-Moulineaux
879,Trudey,O'Hoey,tohoeyoe@ifeng.com,Female,55,08/12/1952,France,Roanne
880,Theodora,Hudd,thuddof@themeforest.net,Female,13,09/10/1930,France,Marseille
881,Aloin,Brookesbie,abrookesbieog@indiegogo.com,Male,66,05/04/1995,France,Colombes
882,Nollie,Berthelet,nbertheletoh@ibm.com,Male,82,02/12/1947,France,Montbéliard
883,Pet,Fallon,pfallonoi@apple.com,Female,71,13/04/1987,France,Caen
884,Charles,Bravery,cbraveryoj@cdc.gov,Male,69,04/04/1996,France,Marseille
885,Georgine,Middlehurst,gmiddlehurstok@stanford.edu,Female,34,23/06/1985,France,Levallois-Perret
886,Ephraim,Gillease,egilleaseol@sogou.com,Male,74,24/08/1997,France,Poitiers
887,Osmond,Lawrey,olawreyom@barnesandnoble.com,Male,52,26/10/1944,France,Miribel
888,Denice,Girsch,dgirschon@time.com,Female,28,19/02/1986,France,La Motte-Servolex
889,Arlene,Swanwick,aswanwickoo@dagondesign.com,Female,84,14/12/1969,France,Fontainebleau
890,Ally,Hebburn,ahebburnop@narod.ru,Female,59,03/02/1944,France,Tournon-sur-Rhône
891,Aharon,Ruse,aruseoq@google.com.hk,Male,16,26/03/1978,France,Sannois
892,Isidor,Arnopp,iarnoppor@businessweek.com,Male,27,07/12/1925,France,Rungis
893,Olly,Matthessen,omatthessenos@linkedin.com,Male,5,18/02/2000,France,Auxerre
894,Amandie,Orcott,aorcottot@mlb.com,Female,13,22/02/1996,France,Verdun
895,Elfrida,Bradder,ebradderou@cdc.gov,Female,51,02/05/2016,France,Cergy-Pontoise
896,Frayda,Bullimore,fbullimoreov@list-manage.com,Female,46,20/12/1938,France,La Rochelle
897,Linette,Burnham,lburnhamow@mysql.com,Female,31,17/01/1972,France,Castelnaudary
898,Tommie,Rabidge,trabidgeox@paginegialle.it,Male,10,10/11/1960,France,Saint-Herblain
899,Skelly,Lyte,slyteoy@vk.com,Male,64,15/01/1966,France,Reims
900,Boigie,Castagnaro,bcastagnarooz@jalbum.net,Male,7,09/07/1979,France,Labège
901,Lucie,Keast,lkeastp0@businesswire.com,Female,11,13/11/1991,France,Lucé
902,Griffie,Smyth,gsmythp1@e-recht24.de,Male,43,25/10/1982,France,Villeurbanne
903,Shayne,Giraudo,sgiraudop2@squarespace.com,Female,49,21/11/1961,France,Blois
904,Cross,Huyche,chuychep3@google.com,Male,7,16/05/1988,France,Montpellier
905,Mayor,Goskar,mgoskarp4@abc.net.au,Male,85,11/12/1965,France,Marseille
906,Suzette,Anglin,sanglinp5@sfgate.com,Non-binary,68,24/04/1997,France,Chantepie
907,Nikolia,Striker,nstrikerp6@apache.org,Female,26,05/06/1957,France,Coutances
908,Anallise,Lynde,alyndep7@acquirethisname.com,Female,43,03/09/1976,France,Roissy Charles-de-Gaulle
909,Lorrin,Cuerdall,lcuerdallp8@domainmarket.com,Female,63,26/11/1931,France,Nantes
910,Sascha,Swadling,sswadlingp9@dedecms.com,Genderfluid,51,09/03/2007,France,Maisons-Laffitte
911,Gualterio,Reyne,greynepa@vk.com,Male,50,27/03/1947,France,Lorient
912,Jeramie,Koppe,jkoppepb@pinterest.com,Male,36,29/05/2004,France,Brétigny-sur-Orge
913,Merline,Chaffen,mchaffenpc@vinaora.com,Female,75,04/01/2004,France,Lyon
914,Rodie,Hullett,rhullettpd@forbes.com,Female,5,17/01/2005,France,Paris 08
915,Brandie,Pechan,bpechanpe@jiathis.com,Female,35,28/12/1979,France,Épinal
916,Beale,de Keep,bdekeeppf@bizjournals.com,Male,18,27/02/1924,France,Dinan
917,Shell,Skpsey,sskpseypg@purevolume.com,Male,17,13/05/1965,France,Marne-la-Vallée
918,Gerta,Larcier,glarcierph@disqus.com,Female,13,21/02/1932,France,Arras
919,Kelsey,Ferrant,kferrantpi@nytimes.com,Male,71,18/04/1945,France,Paris 17
920,Klarika,West-Frimley,kwestfrimleypj@jalbum.net,Female,17,27/02/2003,France,Dijon
921,Brant,Brighty,bbrightypk@purevolume.com,Male,54,18/02/2006,France,Rungis
922,Ezechiel,Ketteringham,eketteringhampl@edublogs.org,Male,17,05/01/1998,France,Bourg-en-Bresse
923,Renaldo,Eagell,reagellpm@tripod.com,Male,81,01/01/1946,France,Troyes
924,Terence,Gerrie,tgerriepn@arizona.edu,Male,69,11/12/2021,France,Port-de-Bouc
925,Cecil,Billsberry,cbillsberrypo@uol.com.br,Female,7,07/02/1959,France,Cournon-d'Auvergne
926,Luigi,Josilowski,ljosilowskipp@weebly.com,Male,64,01/04/1924,France,Vannes
927,Mallissa,Bounde,mboundepq@dyndns.org,Female,67,21/03/2009,France,Paris 14
928,Genvieve,MacDiarmid,gmacdiarmidpr@barnesandnoble.com,Female,20,27/02/1982,France,Rueil-Malmaison
929,Chilton,Archbald,carchbaldps@nps.gov,Male,62,04/01/2002,France,Saint-Étienne-du-Rouvray
930,Doloritas,Grigoriev,dgrigorievpt@feedburner.com,Female,80,26/03/1938,France,Sophia Antipolis
931,Jodi,Henker,jhenkerpu@dagondesign.com,Female,12,27/05/1960,France,Salon-de-Provence
932,Frans,Perring,fperringpv@google.ru,Male,62,01/03/2001,France,Paris 09
933,Cassi,Menico,cmenicopw@cmu.edu,Female,67,09/11/1932,France,Noyon
934,Kristel,Garlic,kgarlicpx@bigcartel.com,Female,81,13/05/1952,France,Bordeaux
935,Woody,Bussen,wbussenpy@ask.com,Male,68,24/11/1924,France,Fosses
936,Ronny,Abramowitch,rabramowitchpz@mediafire.com,Female,21,21/03/1992,France,Saint-Jean-de-Luz
937,Maryjane,Deboick,mdeboickq0@huffingtonpost.com,Female,58,07/04/1987,France,Carquefou
938,Trula,Lytton,tlyttonq1@prnewswire.com,Female,66,05/09/1932,France,Cluses
939,Ichabod,Tuffs,ituffsq2@feedburner.com,Male,77,01/05/2004,France,Paris 20
940,Neel,Colpus,ncolpusq3@ebay.com,Male,25,25/03/2018,France,Barr
941,Darbee,Ivanilov,divanilovq4@imgur.com,Male,65,30/04/1939,France,Saint-Gaudens
942,Del,Colston,dcolstonq5@nationalgeographic.com,Male,12,02/12/2011,France,Sarreguemines
943,Cesare,Wedge,cwedgeq6@com.com,Male,8,02/03/1951,France,Paris 13
944,Crissie,Frangione,cfrangioneq7@theglobeandmail.com,Female,35,21/05/1973,France,Paris La Défense
945,Miran,Bartoszewicz,mbartoszewiczq8@stumbleupon.com,Female,60,01/09/1985,France,Paris 14
946,Dyan,Tixall,dtixallq9@is.gd,Female,67,09/06/1973,France,Paris 13
947,Elna,Deadman,edeadmanqa@bbb.org,Female,51,09/05/1960,France,Limoges
948,Boy,Kellogg,bkelloggqb@1und1.de,Male,74,23/12/1954,France,Lille
949,Hendrik,Spillett,hspillettqc@sciencedirect.com,Male,26,13/10/1957,France,Montélimar
950,Lauryn,Barefoot,lbarefootqd@vistaprint.com,Female,15,28/06/1941,France,Paris 10
951,Cari,Proffer,cprofferqe@desdev.cn,Female,61,12/02/1947,France,Castelnaudary
952,Kiah,Finlay,kfinlayqf@joomla.org,Female,75,20/12/1972,France,Nice
953,Dud,Lambarth,dlambarthqg@opera.com,Male,73,03/12/2016,France,Paris La Défense
954,Dodi,Baskett,dbaskettqh@house.gov,Female,19,15/12/1935,France,Plaisir
955,Lanna,Mewe,lmeweqi@pcworld.com,Bigender,57,01/03/2006,France,Blois
956,Antoinette,Valasek,avalasekqj@engadget.com,Female,34,11/09/1991,France,Vagney
957,Antonino,Carbert,acarbertqk@imdb.com,Male,14,17/11/2010,France,Périgny
958,Luther,Kibby,lkibbyql@sogou.com,Male,59,18/05/2014,France,Dole
959,Augustin,Stokell,astokellqm@yellowpages.com,Male,36,05/03/1985,France,Chartres
960,Rosie,Macallam,rmacallamqn@fotki.com,Female,56,10/02/2000,France,Barr
961,Herminia,Exelby,hexelbyqo@simplemachines.org,Female,23,26/08/1990,France,Arras
962,Calhoun,Balcombe,cbalcombeqp@51.la,Male,84,18/05/2016,France,Manosque
963,Ezechiel,Orbell,eorbellqq@jugem.jp,Genderqueer,72,25/11/2018,France,Cernay
964,Shaw,McDill,smcdillqr@unesco.org,Bigender,14,18/07/1924,France,Évreux
965,Emelia,Robart,erobartqs@icq.com,Female,33,25/11/1926,France,Chantepie
966,Jo-anne,McArthur,jmcarthurqt@skyrock.com,Female,11,03/12/1950,France,Le Puy-en-Velay
967,Christen,Tailour,ctailourqu@huffingtonpost.com,Female,59,23/05/1975,France,Bondy
968,Torrence,Clemmett,tclemmettqv@scientificamerican.com,Male,74,20/10/2016,France,Nogent-le-Rotrou
969,Dyan,Vargas,dvargasqw@nature.com,Female,36,30/04/1955,France,Chilly-Mazarin
970,Gonzalo,Scolli,gscolliqx@kickstarter.com,Male,32,16/11/1989,France,Angoulême
971,Ive,McCalister,imccalisterqy@theguardian.com,Male,35,07/07/1963,France,Romilly-sur-Seine
972,Krystal,O'Hengerty,kohengertyqz@hao123.com,Female,52,23/11/1997,France,Baume-les-Dames
973,Alissa,Woodyeare,awoodyearer0@nyu.edu,Agender,11,30/07/1991,France,Marseille
974,Mellisent,Crittal,mcrittalr1@virginia.edu,Female,63,27/03/1932,France,Bezons
975,Coralie,Farreil,cfarreilr2@google.pl,Female,34,13/08/2021,France,Lyon
976,Alec,Agnolo,aagnolor3@addtoany.com,Male,15,14/10/2018,France,Chambéry
977,Mandie,Janous,mjanousr4@amazon.de,Female,11,08/06/1946,France,Argentan
978,Corrine,Tidgewell,ctidgewellr5@histats.com,Female,10,15/07/2002,France,Crépy-en-Valois
979,Lindon,Laffan,llaffanr6@simplemachines.org,Male,55,16/03/1999,France,Toulouse
980,Mikel,Mandifield,mmandifieldr7@blog.com,Male,67,03/03/1993,France,Tarbes
981,Beatrice,Lytle,blytler8@hud.gov,Female,68,14/06/1969,France,Nancy
982,Latrina,Carcas,lcarcasr9@jugem.jp,Female,23,02/03/2004,France,Tarascon
983,Willamina,Order,worderra@netscape.com,Female,23,12/06/1951,France,Grenoble
984,Neddie,Irlam,nirlamrb@jiathis.com,Male,22,21/04/2014,France,Thiers
985,Robers,Sutherel,rsutherelrc@npr.org,Male,52,07/04/1961,France,Brie-Comte-Robert
986,Dallon,Bruckshaw,dbruckshawrd@exblog.jp,Male,76,05/08/1937,France,Cahors
987,Darn,Frith,dfrithre@merriam-webster.com,Male,31,30/04/1943,France,Paris 15
988,Mano,Haensel,mhaenselrf@mit.edu,Male,83,22/08/1931,France,Arnage
989,Wright,Mottram,wmottramrg@oaic.gov.au,Male,70,06/11/2008,France,Rivesaltes
990,Bendicty,Bowser,bbowserrh@cbsnews.com,Male,83,20/09/1990,France,Lille
991,Aylmar,Cattroll,acattrollri@apple.com,Male,84,16/11/1939,France,Paris 12
992,Brunhilda,Cheley,bcheleyrj@webs.com,Female,63,24/01/1941,France,Amiens
993,Delmer,Peaple,dpeaplerk@fc2.com,Male,20,18/12/2004,France,Corbeil-Essonnes
994,Stephie,Snowding,ssnowdingrl@nifty.com,Female,56,22/01/1942,France,Périgny
995,Esdras,Ashtonhurst,eashtonhurstrm@soundcloud.com,Male,11,08/06/1972,France,Caen
996,Piper,Mont,pmontrn@pinterest.com,Female,7,05/05/1994,France,Lyon
997,Patrick,Jachimczak,pjachimczakro@europa.eu,Genderfluid,50,25/08/1924,France,Perpignan
998,Lisetta,Scamaden,lscamadenrp@shinystat.com,Female,38,28/06/1969,France,Rennes
999,Lindy,McIlheran,lmcilheranrq@ucoz.com,Male,14,16/02/1988,France,Saint-Gratien
1000,Karena,Seebright,kseebrightrr@yelp.com,Female,53,22/03/1973,France,Hénin-Beaumont
