id,first_name,last_name,email,gender,age,birthdate,country,city
252,Sherman,Gilhooly,sgilhooly6z@bizjournals.com,Male,37,France,Nice
365,Ewell,Tooher,etoohera4@usatoday.com,Male,27,France,Nice
488,Leila,Baldung,lbaldungdj@businesswire.com,Female,85,France,Nice
507,Kynthia,Cowup,kcowupe2@homestead.com,Female,14,France,Nice
627,Darnell,Vasilchikov,dvasilchikovhe@digg.com,Male,65,France,Nice
768,Yance,Esley,yesleylb@so-net.ne.jp,Male,9,France,Nice
824,Meier,Straine,mstrainemv@shinystat.com,Non-binary,37,France,Nice
845,Orella,Jolliffe,ojolliffeng@ibm.com,Female,60,France,Nice
883,Reinhold,Weatherby,rweatherbyoi@dagondesign.com,Male,82,France,Nice
